data,par_moeda,moeda_base,moeda_cotada,bid,ask,high,low,fonte,confiabilidade
2025-11-06,USD-BRL,USD,BRL,5.05,5.05583276,5.10029052,5.02025426,awesomeapi,market_api
2025-11-07,USD-BRL,USD,BRL,5.06585748,5.07202222,5.09308205,5.05301753,awesomeapi,market_api
2025-11-08,USD-BRL,USD,BRL,5.02386221,5.03084254,5.04307216,4.9881884,awesomeapi,market_api
2025-11-09,USD-BRL,USD,BRL,5.05867172,5.06158678,5.10850518,5.02957403,awesomeapi,market_api
2025-11-10,USD-BRL,USD,BRL,5.10189706,5.11131074,5.13151097,5.08923085,awesomeapi,market_api
2025-11-11,USD-BRL,USD,BRL,5.02009427,5.0287957,5.056166,4.97865812,awesomeapi,market_api
2025-11-12,USD-BRL,USD,BRL,4.96729027,4.97296419,5.00257539,4.92333059,awesomeapi,market_api
2025-11-13,USD-BRL,USD,BRL,4.97541996,4.98261739,4.99920938,4.93909821,awesomeapi,market_api
2025-11-14,USD-BRL,USD,BRL,4.9647822,4.97226801,5.01286461,4.94012065,awesomeapi,market_api
2025-11-15,USD-BRL,USD,BRL,4.96680381,4.97245416,5.00900666,4.93677403,awesomeapi,market_api
2025-11-16,USD-BRL,USD,BRL,4.93352189,4.9414395,4.96153283,4.91514964,awesomeapi,market_api
2025-11-17,USD-BRL,USD,BRL,4.97311282,4.98115835,4.98827704,4.95526597,awesomeapi,market_api
2025-11-18,USD-BRL,USD,BRL,5.00872643,5.01594019,5.04868685,4.96285901,awesomeapi,market_api
2025-11-19,USD-BRL,USD,BRL,5.01429244,5.01884983,5.02876265,4.96591267,awesomeapi,market_api
2025-11-20,USD-BRL,USD,BRL,5.06509499,5.06880079,5.0832348,5.04315991,awesomeapi,market_api
2025-11-21,USD-BRL,USD,BRL,5.08800862,5.09459294,5.13411923,5.04687528,awesomeapi,market_api
2025-11-22,USD-BRL,USD,BRL,5.05364428,5.06153927,5.07083397,5.02907618,awesomeapi,market_api
2025-11-23,USD-BRL,USD,BRL,5.07226383,5.07843986,5.08839063,5.05102405,awesomeapi,market_api
2025-11-24,USD-BRL,USD,BRL,5.03371208,5.03855703,5.04890488,5.00148667,awesomeapi,market_api
2025-11-25,USD-BRL,USD,BRL,5.07406648,5.08196956,5.08705332,5.04438835,awesomeapi,market_api
2025-11-26,USD-BRL,USD,BRL,5.07470394,5.08319552,5.11521997,5.03146449,awesomeapi,market_api
2025-11-27,USD-BRL,USD,BRL,5.06952099,5.0754643,5.11293868,5.04961793,awesomeapi,market_api
2025-11-28,USD-BRL,USD,BRL,5.04296734,5.04821816,5.06016812,5.01402133,awesomeapi,market_api
2025-11-29,USD-BRL,USD,BRL,5.09814548,5.10369272,5.11816802,5.05728769,awesomeapi,market_api
2025-11-30,USD-BRL,USD,BRL,5.09425304,5.09919839,5.11555942,5.07873023,awesomeapi,market_api
2025-12-01,USD-BRL,USD,BRL,5.07850779,5.08438989,5.10097367,5.05334794,awesomeapi,market_api
2025-12-02,USD-BRL,USD,BRL,5.06610031,5.07042674,5.10716229,5.01827619,awesomeapi,market_api
2025-12-03,USD-BRL,USD,BRL,5.09180889,5.09815785,5.12818471,5.04630146,awesomeapi,market_api
2025-12-04,USD-BRL,USD,BRL,5.11042594,5.12063782,5.14572943,5.06382787,awesomeapi,market_api
2025-12-05,USD-BRL,USD,BRL,5.13116521,5.14072412,5.17391608,5.10198196,awesomeapi,market_api
2025-12-06,USD-BRL,USD,BRL,5.15277757,5.15598121,5.16373466,5.12280074,awesomeapi,market_api
2025-12-07,USD-BRL,USD,BRL,5.24941278,5.25592978,5.27701891,5.21505359,awesomeapi,market_api
2025-12-08,USD-BRL,USD,BRL,5.23416571,5.24111796,5.27966582,5.21914755,awesomeapi,market_api
2025-12-09,USD-BRL,USD,BRL,5.21425462,5.21862295,5.25776257,5.16845941,awesomeapi,market_api
2025-12-10,USD-BRL,USD,BRL,4.92200235,4.93180814,4.96621815,4.87711766,awesomeapi,market_api
2025-12-11,USD-BRL,USD,BRL,5.21103178,5.21609441,5.23819842,5.18943372,awesomeapi,market_api
2025-12-12,USD-BRL,USD,BRL,5.26390429,5.27132349,5.31396635,5.23886323,awesomeapi,market_api
2025-12-13,USD-BRL,USD,BRL,5.26170106,5.26872808,5.28469679,5.24403017,awesomeapi,market_api
2025-12-14,USD-BRL,USD,BRL,5.22701946,5.23116332,5.23989655,5.17686961,awesomeapi,market_api
2025-12-15,USD-BRL,USD,BRL,5.19326289,5.19899791,5.23830389,5.15456978,awesomeapi,market_api
2025-12-16,USD-BRL,USD,BRL,5.22483813,5.22895469,5.2426219,5.1804484,awesomeapi,market_api
2025-12-17,USD-BRL,USD,BRL,5.26072054,5.26543977,5.30967829,5.24430476,awesomeapi,market_api
2025-12-18,USD-BRL,USD,BRL,5.28790169,5.29592113,5.33293236,5.26737379,awesomeapi,market_api
2025-12-19,USD-BRL,USD,BRL,5.26089727,5.26570736,5.31201294,5.23923931,awesomeapi,market_api
2025-12-20,USD-BRL,USD,BRL,5.27417246,5.28021105,5.3029701,5.25294773,awesomeapi,market_api
2025-12-21,USD-BRL,USD,BRL,5.28230434,5.29109244,5.32548609,5.2557526,awesomeapi,market_api
2025-12-22,USD-BRL,USD,BRL,5.29502863,5.30430917,5.31464459,5.28425618,awesomeapi,market_api
2025-12-23,USD-BRL,USD,BRL,5.33716194,5.34440314,5.3902807,5.32483761,awesomeapi,market_api
2025-12-24,USD-BRL,USD,BRL,5.35024099,5.35458537,5.38315202,5.30487348,awesomeapi,market_api
2025-12-25,USD-BRL,USD,BRL,5.38405861,5.38746975,5.41185046,5.34111209,awesomeapi,market_api
2025-12-26,USD-BRL,USD,BRL,5.39011256,5.39581161,5.40903558,5.37090238,awesomeapi,market_api
2025-12-27,USD-BRL,USD,BRL,5.4063234,5.41235185,5.43787112,5.35823678,awesomeapi,market_api
2025-12-28,USD-BRL,USD,BRL,5.43830694,5.44626524,5.4792205,5.38466404,awesomeapi,market_api
2025-12-29,USD-BRL,USD,BRL,5.3739401,5.3799469,5.4020288,5.32349613,awesomeapi,market_api
2025-12-30,USD-BRL,USD,BRL,5.36229366,5.3669525,5.40432612,5.31919914,awesomeapi,market_api
2025-12-31,USD-BRL,USD,BRL,5.34380358,5.34725932,5.37450828,5.32454184,awesomeapi,market_api
2026-01-01,USD-BRL,USD,BRL,5.31772335,5.32186087,5.34809087,5.29477505,awesomeapi,market_api
2026-01-02,USD-BRL,USD,BRL,5.30821149,5.31720408,5.35736998,5.26350698,awesomeapi,market_api
2026-01-03,USD-BRL,USD,BRL,5.37858245,5.38341805,5.40113525,5.35686467,awesomeapi,market_api
2026-01-04,USD-BRL,USD,BRL,5.34195665,5.34570968,5.3929744,5.31409096,awesomeapi,market_api
2026-01-05,USD-BRL,USD,BRL,5.38886098,5.39337165,5.43613945,5.3608736,awesomeapi,market_api
2026-01-06,USD-BRL,USD,BRL,5.31474047,5.3176778,5.33225537,5.27693139,awesomeapi,market_api
2026-01-07,USD-BRL,USD,BRL,5.30253505,5.31141339,5.32208802,5.2530138,awesomeapi,market_api
2026-01-08,USD-BRL,USD,BRL,5.31278698,5.32222512,5.35947068,5.29248528,awesomeapi,market_api
2026-01-09,USD-BRL,USD,BRL,5.34218204,5.34525809,5.38993788,5.31842855,awesomeapi,market_api
2026-01-10,USD-BRL,USD,BRL,5.37741601,5.38509697,5.4208641,5.36114209,awesomeapi,market_api
2026-01-11,USD-BRL,USD,BRL,5.41663593,5.42568852,5.4681378,5.37423992,awesomeapi,market_api
2026-01-12,USD-BRL,USD,BRL,5.40355929,5.40983733,5.45226387,5.36995098,awesomeapi,market_api
2026-01-13,USD-BRL,USD,BRL,5.38529531,5.39400418,5.43141524,5.34224083,awesomeapi,market_api
2026-01-14,USD-BRL,USD,BRL,5.42753108,5.43258836,5.44350295,5.4063273,awesomeapi,market_api
2026-01-15,USD-BRL,USD,BRL,5.42169058,5.42849108,5.45444961,5.38557586,awesomeapi,market_api
2026-01-16,USD-BRL,USD,BRL,5.36588331,5.37174636,5.41039402,5.31595253,awesomeapi,market_api
2026-01-17,USD-BRL,USD,BRL,5.31714531,5.32177169,5.35910921,5.27767202,awesomeapi,market_api
2026-01-18,USD-BRL,USD,BRL,5.27851442,5.28529539,5.29703272,5.23437623,awesomeapi,market_api
2026-01-19,USD-BRL,USD,BRL,5.3037239,5.3140181,5.34495871,5.25417184,awesomeapi,market_api
2026-01-20,USD-BRL,USD,BRL,5.31306173,5.32356182,5.33865159,5.27530824,awesomeapi,market_api
2026-01-21,USD-BRL,USD,BRL,5.34716694,5.35364182,5.40006663,5.33245976,awesomeapi,market_api
2026-01-22,USD-BRL,USD,BRL,5.33068886,5.33665157,5.37868805,5.30791397,awesomeapi,market_api
2026-01-23,USD-BRL,USD,BRL,5.34080431,5.34978588,5.36784087,5.28825171,awesomeapi,market_api
2026-01-24,USD-BRL,USD,BRL,5.37214157,5.38194732,5.39583574,5.3282966,awesomeapi,market_api
2026-01-25,USD-BRL,USD,BRL,5.3609705,5.3663598,5.39769799,5.32200779,awesomeapi,market_api
2026-01-26,USD-BRL,USD,BRL,5.38473348,5.39412657,5.39655624,5.36448008,awesomeapi,market_api
2026-01-27,USD-BRL,USD,BRL,5.35739858,5.36579832,5.39226552,5.32544255,awesomeapi,market_api
2026-01-28,USD-BRL,USD,BRL,5.34381244,5.34692689,5.36938903,5.29614135,awesomeapi,market_api
2026-01-29,USD-BRL,USD,BRL,5.32941208,5.33232375,5.35697309,5.27845658,awesomeapi,market_api
2026-01-30,USD-BRL,USD,BRL,5.27817172,5.28121364,5.32038467,5.25673759,awesomeapi,market_api
2026-01-31,USD-BRL,USD,BRL,5.30292247,5.31246727,5.34517904,5.25474202,awesomeapi,market_api
2026-02-01,USD-BRL,USD,BRL,5.28468085,5.28903483,5.31771191,5.24116594,awesomeapi,market_api
2026-02-02,USD-BRL,USD,BRL,5.28814865,5.29274167,5.30848672,5.27642241,awesomeapi,market_api
2026-02-03,USD-BRL,USD,BRL,5.31266634,5.32296108,5.35346834,5.27502885,awesomeapi,market_api
2026-02-04,USD-BRL,USD,BRL,5.33575261,5.34437515,5.36911656,5.30475685,awesomeapi,market_api
2026-02-05,USD-BRL,USD,BRL,5.36886509,5.37516974,5.40711027,5.34947124,awesomeapi,market_api
2026-02-06,USD-BRL,USD,BRL,5.36732354,5.37715695,5.41291369,5.34157913,awesomeapi,market_api
2026-02-07,USD-BRL,USD,BRL,5.35096375,5.35828341,5.36770273,5.2986379,awesomeapi,market_api
2026-02-08,USD-BRL,USD,BRL,5.35028094,5.36020217,5.40044079,5.32536305,awesomeapi,market_api
2026-02-09,USD-BRL,USD,BRL,5.27648803,5.28046493,5.29598031,5.26213593,awesomeapi,market_api
2026-02-10,USD-BRL,USD,BRL,5.21448689,5.21803361,5.2278904,5.16276656,awesomeapi,market_api
2026-02-11,USD-BRL,USD,BRL,5.15872866,5.16188109,5.17451611,5.11427055,awesomeapi,market_api
2026-02-12,USD-BRL,USD,BRL,5.11783749,5.12485077,5.1597799,5.08177058,awesomeapi,market_api
2026-02-13,USD-BRL,USD,BRL,5.13804313,5.14741113,5.174563,5.10630543,awesomeapi,market_api
2026-02-14,USD-BRL,USD,BRL,5.10132373,5.10932835,5.12978474,5.07699802,awesomeapi,market_api
2026-02-15,USD-BRL,USD,BRL,5.08773186,5.09384466,5.104815,5.04513445,awesomeapi,market_api
2026-02-16,USD-BRL,USD,BRL,5.40405199,5.4088673,5.42149763,5.38259348,awesomeapi,market_api
2026-02-17,USD-BRL,USD,BRL,5.13396136,5.14301307,5.15779121,5.09551621,awesomeapi,market_api
2026-02-18,USD-BRL,USD,BRL,5.16896924,5.17819385,5.18252205,5.1269962,awesomeapi,market_api
2026-02-19,USD-BRL,USD,BRL,5.13079252,5.13572577,5.14994566,5.09225405,awesomeapi,market_api
2026-02-20,USD-BRL,USD,BRL,5.12465497,5.13421089,5.14699925,5.09108504,awesomeapi,market_api
2026-02-21,USD-BRL,USD,BRL,5.08609098,5.09084521,5.11881634,5.05061602,awesomeapi,market_api
2026-02-22,USD-BRL,USD,BRL,5.07423133,5.08141392,5.10969194,5.05859946,awesomeapi,market_api
2026-02-23,USD-BRL,USD,BRL,5.11326546,5.12114148,5.15109341,5.07511689,awesomeapi,market_api
2026-02-24,USD-BRL,USD,BRL,5.04100365,5.04408423,5.06910578,5.01442606,awesomeapi,market_api
2026-02-25,USD-BRL,USD,BRL,5.06239061,5.06558026,5.0815211,5.03440723,awesomeapi,market_api
2026-02-26,USD-BRL,USD,BRL,5.07540477,5.0835983,5.09518107,5.03156343,awesomeapi,market_api
2026-02-27,USD-BRL,USD,BRL,5.05256405,5.05922686,5.09340582,5.02335797,awesomeapi,market_api
2026-02-28,USD-BRL,USD,BRL,4.99323941,4.99947493,5.02798115,4.9461843,awesomeapi,market_api
2026-03-01,USD-BRL,USD,BRL,4.99904705,5.00523447,5.03018742,4.96497367,awesomeapi,market_api
2026-03-02,USD-BRL,USD,BRL,4.97929738,4.98729549,4.99211809,4.9487967,awesomeapi,market_api
2026-03-03,USD-BRL,USD,BRL,4.99188379,4.9979858,5.03867511,4.9621918,awesomeapi,market_api
2026-03-04,USD-BRL,USD,BRL,4.99555653,5.00156359,5.04400144,4.96755838,awesomeapi,market_api
2026-03-05,USD-BRL,USD,BRL,5.06631919,5.07022698,5.08524356,5.05232855,awesomeapi,market_api
2026-03-06,USD-BRL,USD,BRL,5.05879813,5.06133184,5.08639673,5.01754899,awesomeapi,market_api
2026-03-07,USD-BRL,USD,BRL,5.01757029,5.02559941,5.02889592,4.98465572,awesomeapi,market_api
2026-03-08,USD-BRL,USD,BRL,5.02797595,5.03165353,5.07588557,5.01118794,awesomeapi,market_api
2026-03-09,USD-BRL,USD,BRL,5.04014351,5.04740111,5.0633781,5.00419473,awesomeapi,market_api
2026-03-10,USD-BRL,USD,BRL,5.10114484,5.1068499,5.14234752,5.08152873,awesomeapi,market_api
2026-03-11,USD-BRL,USD,BRL,5.14016067,5.14971462,5.17101025,5.09878882,awesomeapi,market_api
2026-03-12,USD-BRL,USD,BRL,5.15857994,5.16773433,5.2101174,5.13902085,awesomeapi,market_api
2026-03-13,USD-BRL,USD,BRL,5.22557996,5.23044152,5.24650039,5.20413956,awesomeapi,market_api
2026-03-14,USD-BRL,USD,BRL,5.17565223,5.18276185,5.22714055,5.12429825,awesomeapi,market_api
2026-03-15,USD-BRL,USD,BRL,5.15035422,5.156999,5.18698466,5.10462029,awesomeapi,market_api
2026-03-16,USD-BRL,USD,BRL,5.11262327,5.12233418,5.13118661,5.08078014,awesomeapi,market_api
2026-03-17,USD-BRL,USD,BRL,5.09849513,5.1074137,5.12105911,5.07035922,awesomeapi,market_api
2026-03-18,USD-BRL,USD,BRL,5.04163756,5.0516121,5.09145083,4.99500819,awesomeapi,market_api
2026-03-19,USD-BRL,USD,BRL,4.81804771,4.82622718,4.83805728,4.79604465,awesomeapi,market_api
2026-03-20,USD-BRL,USD,BRL,5.0648388,5.07152907,5.09769046,5.0342268,awesomeapi,market_api
2026-03-21,USD-BRL,USD,BRL,5.00430459,5.01158588,5.03066018,4.96430322,awesomeapi,market_api
2026-03-22,USD-BRL,USD,BRL,4.96385769,4.96882316,4.98691687,4.94887772,awesomeapi,market_api
2026-03-23,USD-BRL,USD,BRL,4.97981584,4.98371537,5.02365897,4.95207697,awesomeapi,market_api
2026-03-24,USD-BRL,USD,BRL,5.01803132,5.02225551,5.05855056,4.9857561,awesomeapi,market_api
2026-03-25,USD-BRL,USD,BRL,5.10595833,5.10867334,5.12909288,5.08851632,awesomeapi,market_api
2026-03-26,USD-BRL,USD,BRL,5.23523012,5.24299821,5.25721939,5.22203957,awesomeapi,market_api
2026-03-27,USD-BRL,USD,BRL,5.25655049,5.25961192,5.29152663,5.24512387,awesomeapi,market_api
2026-03-28,USD-BRL,USD,BRL,5.21522836,5.22447594,5.23214227,5.17949085,awesomeapi,market_api
2026-03-29,USD-BRL,USD,BRL,5.12358432,5.1295637,5.15198338,5.11039428,awesomeapi,market_api
2026-03-30,USD-BRL,USD,BRL,5.13806125,5.14681716,5.18504584,5.12733229,awesomeapi,market_api
2026-03-31,USD-BRL,USD,BRL,5.10538318,5.10930364,5.15251216,5.07272941,awesomeapi,market_api
2026-04-01,USD-BRL,USD,BRL,5.0901664,5.09385707,5.10860463,5.05311055,awesomeapi,market_api
2026-04-02,USD-BRL,USD,BRL,5.06648276,5.07452441,5.10091161,5.01771691,awesomeapi,market_api
2026-04-03,USD-BRL,USD,BRL,5.06320615,5.06949007,5.08549527,5.03374911,awesomeapi,market_api
2026-04-04,USD-BRL,USD,BRL,5.11186777,5.11718156,5.13126898,5.09976437,awesomeapi,market_api
2026-04-05,USD-BRL,USD,BRL,5.1215032,5.12676973,5.16089408,5.11050476,awesomeapi,market_api
2026-04-06,USD-BRL,USD,BRL,5.11741421,5.1233441,5.15401434,5.08218985,awesomeapi,market_api
2026-04-07,USD-BRL,USD,BRL,5.0751799,5.08362993,5.11823852,5.03613326,awesomeapi,market_api
2026-04-08,USD-BRL,USD,BRL,5.00572705,5.00900178,5.03476117,4.97155171,awesomeapi,market_api
2026-04-09,USD-BRL,USD,BRL,4.98778844,4.99211958,4.99946193,4.96889109,awesomeapi,market_api
2026-04-10,USD-BRL,USD,BRL,4.98825155,4.99414937,5.01474636,4.97122497,awesomeapi,market_api
2026-04-11,USD-BRL,USD,BRL,5.06595556,5.07475322,5.11360337,5.04766347,awesomeapi,market_api
2026-04-12,USD-BRL,USD,BRL,5.07435154,5.08396418,5.0852253,5.02665416,awesomeapi,market_api
2026-04-13,USD-BRL,USD,BRL,5.11952994,5.12939985,5.1302626,5.07804048,awesomeapi,market_api
2026-04-14,USD-BRL,USD,BRL,5.10061833,5.11059158,5.14778486,5.05080732,awesomeapi,market_api
2026-04-15,USD-BRL,USD,BRL,5.05205013,5.05874655,5.06531302,5.00760061,awesomeapi,market_api
2026-04-16,USD-BRL,USD,BRL,5.0133843,5.02050703,5.04806636,4.98662271,awesomeapi,market_api
2026-04-17,USD-BRL,USD,BRL,4.98523705,4.99200582,5.00133258,4.94576314,awesomeapi,market_api
2026-04-18,USD-BRL,USD,BRL,5.0781718,5.08128232,5.11797576,5.03352539,awesomeapi,market_api
2026-04-19,USD-BRL,USD,BRL,5.04551008,5.05160861,5.07617994,5.02281682,awesomeapi,market_api
2026-04-20,USD-BRL,USD,BRL,5.08424526,5.09418083,5.12423283,5.05906855,awesomeapi,market_api
2026-04-21,USD-BRL,USD,BRL,5.04802062,5.05186828,5.0669842,5.01918947,awesomeapi,market_api
2026-04-22,USD-BRL,USD,BRL,5.09076913,5.10051211,5.13084963,5.07182154,awesomeapi,market_api
2026-04-23,USD-BRL,USD,BRL,5.11022647,5.11937042,5.13590845,5.06518608,awesomeapi,market_api
2026-04-24,USD-BRL,USD,BRL,5.10623323,5.11063761,5.1417179,5.0581664,awesomeapi,market_api
2026-04-25,USD-BRL,USD,BRL,5.10727244,5.11180178,5.14579871,5.0567181,awesomeapi,market_api
2026-04-26,USD-BRL,USD,BRL,5.08165592,5.08534468,5.09541307,5.04408438,awesomeapi,market_api
2026-04-27,USD-BRL,USD,BRL,5.10371851,5.10887124,5.11683484,5.07410446,awesomeapi,market_api
2026-04-28,USD-BRL,USD,BRL,5.08678764,5.09508244,5.10856407,5.06297956,awesomeapi,market_api
2026-04-29,USD-BRL,USD,BRL,5.036593,5.04550047,5.06762131,4.99256383,awesomeapi,market_api
2026-04-30,USD-BRL,USD,BRL,4.98465329,4.99048326,5.0326246,4.9487321,awesomeapi,market_api
2026-05-01,USD-BRL,USD,BRL,4.99470732,4.998073,5.04006298,4.96516802,awesomeapi,market_api
2026-05-02,USD-BRL,USD,BRL,5.06449475,5.06810299,5.08081013,5.02650967,awesomeapi,market_api
2026-05-03,USD-BRL,USD,BRL,5.07416758,5.07706522,5.09594971,5.0583448,awesomeapi,market_api
2026-05-04,USD-BRL,USD,BRL,5.07184145,5.07773298,5.09879742,5.04052277,awesomeapi,market_api
2025-11-06,EUR-BRL,EUR,BRL,5.55,5.55819736,5.56592481,5.53828829,awesomeapi,market_api
2025-11-07,EUR-BRL,EUR,BRL,5.56439501,5.56924962,5.59584708,5.53572405,awesomeapi,market_api
2025-11-08,EUR-BRL,EUR,BRL,5.62140231,5.63104557,5.64963694,5.58630492,awesomeapi,market_api
2025-11-09,EUR-BRL,EUR,BRL,5.63318122,5.64101289,5.64543143,5.59870014,awesomeapi,market_api
2025-11-10,EUR-BRL,EUR,BRL,5.61835495,5.6240702,5.64852687,5.60261064,awesomeapi,market_api
2025-11-11,EUR-BRL,EUR,BRL,5.66749963,5.67698833,5.72156323,5.65515496,awesomeapi,market_api
2025-11-12,EUR-BRL,EUR,BRL,5.68827483,5.69625013,5.73441102,5.66393777,awesomeapi,market_api
2025-11-13,EUR-BRL,EUR,BRL,5.75635307,5.76603142,5.79698625,5.70205166,awesomeapi,market_api
2025-11-14,EUR-BRL,EUR,BRL,5.76685414,5.77822354,5.78034148,5.73479331,awesomeapi,market_api
2025-11-15,EUR-BRL,EUR,BRL,5.71648922,5.72403774,5.73463305,5.68967725,awesomeapi,market_api
2025-11-16,EUR-BRL,EUR,BRL,5.66040364,5.67161956,5.67245941,5.62859181,awesomeapi,market_api
2025-11-17,EUR-BRL,EUR,BRL,5.73303771,5.74315068,5.75935929,5.69956601,awesomeapi,market_api
2025-11-18,EUR-BRL,EUR,BRL,5.80973138,5.82115952,5.8434221,5.79202697,awesomeapi,market_api
2025-11-19,EUR-BRL,EUR,BRL,5.80452357,5.80787616,5.86003416,5.78057135,awesomeapi,market_api
2025-11-20,EUR-BRL,EUR,BRL,5.79045396,5.79772732,5.8062365,5.7592478,awesomeapi,market_api
2025-11-21,EUR-BRL,EUR,BRL,5.85652785,5.8676269,5.89178008,5.79931496,awesomeapi,market_api
2025-11-22,EUR-BRL,EUR,BRL,5.81053746,5.81569869,5.84561197,5.7589617,awesomeapi,market_api
2025-11-23,EUR-BRL,EUR,BRL,5.77416087,5.78093037,5.79861963,5.72309533,awesomeapi,market_api
2025-11-24,EUR-BRL,EUR,BRL,5.80461928,5.81091633,5.8408737,5.7476631,awesomeapi,market_api
2025-11-25,EUR-BRL,EUR,BRL,5.79005237,5.79456702,5.81559348,5.77703311,awesomeapi,market_api
2025-11-26,EUR-BRL,EUR,BRL,5.79243547,5.79873623,5.81329674,5.74933813,awesomeapi,market_api
2025-11-27,EUR-BRL,EUR,BRL,5.78794158,5.79240976,5.83076367,5.76416585,awesomeapi,market_api
2025-11-28,EUR-BRL,EUR,BRL,5.80520011,5.81119588,5.83301216,5.76030261,awesomeapi,market_api
2025-11-29,EUR-BRL,EUR,BRL,5.86909281,5.87613433,5.89779497,5.81732165,awesomeapi,market_api
2025-11-30,EUR-BRL,EUR,BRL,5.87572128,5.88370008,5.89752401,5.82166036,awesomeapi,market_api
2025-12-01,EUR-BRL,EUR,BRL,5.90674239,5.91273169,5.92039781,5.8715571,awesomeapi,market_api
2025-12-02,EUR-BRL,EUR,BRL,5.81857664,5.82256764,5.84131407,5.77216251,awesomeapi,market_api
2025-12-03,EUR-BRL,EUR,BRL,5.81906896,5.82311978,5.86827241,5.7638154,awesomeapi,market_api
2025-12-04,EUR-BRL,EUR,BRL,5.78488643,5.79304195,5.82933098,5.74029252,awesomeapi,market_api
2025-12-05,EUR-BRL,EUR,BRL,5.73460941,5.74601677,5.76174734,5.71566885,awesomeapi,market_api
2025-12-06,EUR-BRL,EUR,BRL,5.69942103,5.70670917,5.7351336,5.6799102,awesomeapi,market_api
2025-12-07,EUR-BRL,EUR,BRL,5.68770345,5.69577807,5.69972155,5.63411762,awesomeapi,market_api
2025-12-08,EUR-BRL,EUR,BRL,5.72933328,5.7344717,5.74260517,5.71291303,awesomeapi,market_api
2025-12-09,EUR-BRL,EUR,BRL,5.67491638,5.67979893,5.69870137,5.662077,awesomeapi,market_api
2025-12-10,EUR-BRL,EUR,BRL,5.67877383,5.6839928,5.69889676,5.65021546,awesomeapi,market_api
2025-12-11,EUR-BRL,EUR,BRL,5.66070811,5.66680895,5.68738172,5.63453644,awesomeapi,market_api
2025-12-12,EUR-BRL,EUR,BRL,5.64934397,5.65292902,5.66178179,5.62891077,awesomeapi,market_api
2025-12-13,EUR-BRL,EUR,BRL,5.6943731,5.70368325,5.75089817,5.64068536,awesomeapi,market_api
2025-12-14,EUR-BRL,EUR,BRL,5.71991729,5.72710339,5.75569304,5.69408242,awesomeapi,market_api
2025-12-15,EUR-BRL,EUR,BRL,5.77986481,5.78946464,5.82678606,5.72926684,awesomeapi,market_api
2025-12-16,EUR-BRL,EUR,BRL,5.77576808,5.78641431,5.80738922,5.72878218,awesomeapi,market_api
2025-12-17,EUR-BRL,EUR,BRL,5.74822015,5.7580473,5.77390134,5.6939918,awesomeapi,market_api
2025-12-18,EUR-BRL,EUR,BRL,5.74115593,5.74483895,5.79830428,5.69430393,awesomeapi,market_api
2025-12-19,EUR-BRL,EUR,BRL,5.75418104,5.75786318,5.79589791,5.74109928,awesomeapi,market_api
2025-12-20,EUR-BRL,EUR,BRL,5.76439068,5.77393237,5.81277573,5.72508168,awesomeapi,market_api
2025-12-21,EUR-BRL,EUR,BRL,5.72010339,5.73031543,5.73602281,5.69603668,awesomeapi,market_api
2025-12-22,EUR-BRL,EUR,BRL,5.72655951,5.73298051,5.73995774,5.69457251,awesomeapi,market_api
2025-12-23,EUR-BRL,EUR,BRL,5.73893869,5.74409122,5.76844762,5.70794371,awesomeapi,market_api
2025-12-24,EUR-BRL,EUR,BRL,5.84987843,5.86052005,5.87422988,5.79635236,awesomeapi,market_api
2025-12-25,EUR-BRL,EUR,BRL,5.93485572,5.94161526,5.96228936,5.89912732,awesomeapi,market_api
2025-12-26,EUR-BRL,EUR,BRL,5.89954733,5.90619385,5.92349347,5.8640236,awesomeapi,market_api
2025-12-27,EUR-BRL,EUR,BRL,5.88948639,5.89377219,5.91784686,5.85104971,awesomeapi,market_api
2025-12-28,EUR-BRL,EUR,BRL,5.82749475,5.8340222,5.8775605,5.8038714,awesomeapi,market_api
2025-12-29,EUR-BRL,EUR,BRL,5.80429956,5.81564497,5.85234625,5.74776136,awesomeapi,market_api
2025-12-30,EUR-BRL,EUR,BRL,5.82065049,5.83087856,5.83890888,5.78449446,awesomeapi,market_api
2025-12-31,EUR-BRL,EUR,BRL,5.87591117,5.8803473,5.92612564,5.83669947,awesomeapi,market_api
2026-01-01,EUR-BRL,EUR,BRL,5.84642509,5.85165866,5.90159659,5.82934483,awesomeapi,market_api
2026-01-02,EUR-BRL,EUR,BRL,6.11139149,6.11961616,6.15886676,6.09629154,awesomeapi,market_api
2026-01-03,EUR-BRL,EUR,BRL,6.01571969,6.02412235,6.06701699,6.00043844,awesomeapi,market_api
2026-01-04,EUR-BRL,EUR,BRL,5.72484535,5.73210654,5.74813664,5.68303454,awesomeapi,market_api
2026-01-05,EUR-BRL,EUR,BRL,5.68180534,5.6856577,5.7357621,5.62977234,awesomeapi,market_api
2026-01-06,EUR-BRL,EUR,BRL,5.66180087,5.66621119,5.68776661,5.62386069,awesomeapi,market_api
2026-01-07,EUR-BRL,EUR,BRL,5.62711409,5.63598858,5.65829533,5.60882411,awesomeapi,market_api
2026-01-08,EUR-BRL,EUR,BRL,5.6256681,5.62935982,5.68191422,5.59392348,awesomeapi,market_api
2026-01-09,EUR-BRL,EUR,BRL,5.55403668,5.5640828,5.58657782,5.50194614,awesomeapi,market_api
2026-01-10,EUR-BRL,EUR,BRL,5.49542582,5.49889695,5.51142934,5.44356517,awesomeapi,market_api
2026-01-11,EUR-BRL,EUR,BRL,5.58565716,5.59638854,5.6108917,5.55861521,awesomeapi,market_api
2026-01-12,EUR-BRL,EUR,BRL,5.53423744,5.54076051,5.56373102,5.51475493,awesomeapi,market_api
2026-01-13,EUR-BRL,EUR,BRL,5.49120381,5.50134916,5.51331393,5.44923905,awesomeapi,market_api
2026-01-14,EUR-BRL,EUR,BRL,5.56932635,5.57267203,5.58219156,5.52906099,awesomeapi,market_api
2026-01-15,EUR-BRL,EUR,BRL,5.69317705,5.69891876,5.73441658,5.67750847,awesomeapi,market_api
2026-01-16,EUR-BRL,EUR,BRL,5.64571446,5.6565812,5.69081308,5.5948458,awesomeapi,market_api
2026-01-17,EUR-BRL,EUR,BRL,5.63266232,5.63663169,5.65835451,5.60479893,awesomeapi,market_api
2026-01-18,EUR-BRL,EUR,BRL,5.64962602,5.65700307,5.67434284,5.63558644,awesomeapi,market_api
2026-01-19,EUR-BRL,EUR,BRL,5.72541707,5.73144775,5.74852711,5.69628975,awesomeapi,market_api
2026-01-20,EUR-BRL,EUR,BRL,5.68561724,5.69013981,5.70890082,5.64572912,awesomeapi,market_api
2026-01-21,EUR-BRL,EUR,BRL,5.6777166,5.6838612,5.70475995,5.64211025,awesomeapi,market_api
2026-01-22,EUR-BRL,EUR,BRL,5.71337284,5.72284442,5.7421165,5.67509235,awesomeapi,market_api
2026-01-23,EUR-BRL,EUR,BRL,5.73457371,5.74575214,5.76998953,5.68136616,awesomeapi,market_api
2026-01-24,EUR-BRL,EUR,BRL,5.43492726,5.44411505,5.44835017,5.40540043,awesomeapi,market_api
2026-01-25,EUR-BRL,EUR,BRL,5.71780852,5.7266567,5.77437877,5.68540564,awesomeapi,market_api
2026-01-26,EUR-BRL,EUR,BRL,5.6614211,5.66503975,5.6981981,5.64436601,awesomeapi,market_api
2026-01-27,EUR-BRL,EUR,BRL,5.65385572,5.66305613,5.68812609,5.6098266,awesomeapi,market_api
2026-01-28,EUR-BRL,EUR,BRL,5.64510409,5.65528809,5.68479811,5.60615561,awesomeapi,market_api
2026-01-29,EUR-BRL,EUR,BRL,5.65747406,5.66670624,5.70691834,5.60682591,awesomeapi,market_api
2026-01-30,EUR-BRL,EUR,BRL,5.6364568,5.63958303,5.67280925,5.61543194,awesomeapi,market_api
2026-01-31,EUR-BRL,EUR,BRL,5.65892675,5.66905917,5.69959849,5.62858483,awesomeapi,market_api
2026-02-01,EUR-BRL,EUR,BRL,5.70445491,5.70891668,5.73133538,5.66092865,awesomeapi,market_api
2026-02-02,EUR-BRL,EUR,BRL,5.71367171,5.71828001,5.72937667,5.66165313,awesomeapi,market_api
2026-02-03,EUR-BRL,EUR,BRL,5.73131651,5.74075207,5.75193985,5.70645124,awesomeapi,market_api
2026-02-04,EUR-BRL,EUR,BRL,5.73618048,5.74741253,5.78015104,5.69669161,awesomeapi,market_api
2026-02-05,EUR-BRL,EUR,BRL,5.73876539,5.74428289,5.7639758,5.72547333,awesomeapi,market_api
2026-02-06,EUR-BRL,EUR,BRL,5.71029145,5.71938636,5.72368437,5.69864897,awesomeapi,market_api
2026-02-07,EUR-BRL,EUR,BRL,5.72641564,5.73554493,5.78133763,5.6803064,awesomeapi,market_api
2026-02-08,EUR-BRL,EUR,BRL,5.72481425,5.73172673,5.75852403,5.69339022,awesomeapi,market_api
2026-02-09,EUR-BRL,EUR,BRL,5.81726291,5.82300435,5.85317703,5.78556344,awesomeapi,market_api
2026-02-10,EUR-BRL,EUR,BRL,5.88852532,5.89675308,5.9426112,5.82987517,awesomeapi,market_api
2026-02-11,EUR-BRL,EUR,BRL,5.90821566,5.91186762,5.93821444,5.88785802,awesomeapi,market_api
2026-02-12,EUR-BRL,EUR,BRL,5.87706206,5.88310474,5.90233216,5.85710181,awesomeapi,market_api
2026-02-13,EUR-BRL,EUR,BRL,5.83067391,5.84027186,5.86548484,5.77613399,awesomeapi,market_api
2026-02-14,EUR-BRL,EUR,BRL,5.88538645,5.88861688,5.90031076,5.85462831,awesomeapi,market_api
2026-02-15,EUR-BRL,EUR,BRL,5.89963273,5.90329296,5.92383206,5.84129576,awesomeapi,market_api
2026-02-16,EUR-BRL,EUR,BRL,5.92353259,5.92835103,5.94476811,5.88450169,awesomeapi,market_api
2026-02-17,EUR-BRL,EUR,BRL,5.84869234,5.85598565,5.88754817,5.81936769,awesomeapi,market_api
2026-02-18,EUR-BRL,EUR,BRL,5.89200652,5.90225946,5.91032267,5.86002977,awesomeapi,market_api
2026-02-19,EUR-BRL,EUR,BRL,5.91473878,5.92381579,5.96765139,5.88542195,awesomeapi,market_api
2026-02-20,EUR-BRL,EUR,BRL,5.86814111,5.8760726,5.88312317,5.84840917,awesomeapi,market_api
2026-02-21,EUR-BRL,EUR,BRL,5.85002947,5.85356117,5.89579452,5.82484813,awesomeapi,market_api
2026-02-22,EUR-BRL,EUR,BRL,5.86423263,5.87353106,5.87907609,5.81203872,awesomeapi,market_api
2026-02-23,EUR-BRL,EUR,BRL,5.86917912,5.87946952,5.88509298,5.85632531,awesomeapi,market_api
2026-02-24,EUR-BRL,EUR,BRL,5.85895921,5.86238338,5.9106882,5.83624034,awesomeapi,market_api
2026-02-25,EUR-BRL,EUR,BRL,5.85704824,5.86479366,5.8887346,5.80805869,awesomeapi,market_api
2026-02-26,EUR-BRL,EUR,BRL,5.84861508,5.85582846,5.88373769,5.79063931,awesomeapi,market_api
2026-02-27,EUR-BRL,EUR,BRL,5.85793905,5.8621872,5.90858464,5.843798,awesomeapi,market_api
2026-02-28,EUR-BRL,EUR,BRL,5.92522445,5.93243233,5.97908877,5.88184167,awesomeapi,market_api
2026-03-01,EUR-BRL,EUR,BRL,5.8138306,5.8227131,5.83770532,5.78273476,awesomeapi,market_api
2026-03-02,EUR-BRL,EUR,BRL,5.80611927,5.81221495,5.841952,5.77303703,awesomeapi,market_api
2026-03-03,EUR-BRL,EUR,BRL,5.81641841,5.82217869,5.84226568,5.79311305,awesomeapi,market_api
2026-03-04,EUR-BRL,EUR,BRL,5.83194799,5.83805737,5.85060749,5.77959556,awesomeapi,market_api
2026-03-05,EUR-BRL,EUR,BRL,5.81830497,5.82646909,5.83616886,5.77437168,awesomeapi,market_api
2026-03-06,EUR-BRL,EUR,BRL,5.74426463,5.75444059,5.7666689,5.72585538,awesomeapi,market_api
2026-03-07,EUR-BRL,EUR,BRL,5.76098025,5.7639352,5.77467987,5.71432777,awesomeapi,market_api
2026-03-08,EUR-BRL,EUR,BRL,5.83820692,5.84977112,5.8519795,5.79159136,awesomeapi,market_api
2026-03-09,EUR-BRL,EUR,BRL,5.77367161,5.77718081,5.81256919,5.72720162,awesomeapi,market_api
2026-03-10,EUR-BRL,EUR,BRL,5.8136757,5.81971499,5.82581162,5.77436645,awesomeapi,market_api
2026-03-11,EUR-BRL,EUR,BRL,5.80196732,5.81349505,5.82552875,5.781568,awesomeapi,market_api
2026-03-12,EUR-BRL,EUR,BRL,5.80190969,5.80588915,5.83928585,5.7626217,awesomeapi,market_api
2026-03-13,EUR-BRL,EUR,BRL,5.75870438,5.76842741,5.8049156,5.70606791,awesomeapi,market_api
2026-03-14,EUR-BRL,EUR,BRL,5.74685054,5.75666995,5.7697123,5.70980048,awesomeapi,market_api
2026-03-15,EUR-BRL,EUR,BRL,5.80547034,5.810963,5.83239775,5.75057639,awesomeapi,market_api
2026-03-16,EUR-BRL,EUR,BRL,5.83345221,5.84233564,5.89060093,5.80232899,awesomeapi,market_api
2026-03-17,EUR-BRL,EUR,BRL,5.91186744,5.91958926,5.94672927,5.89496957,awesomeapi,market_api
2026-03-18,EUR-BRL,EUR,BRL,5.96673305,5.97183492,6.00385264,5.95158355,awesomeapi,market_api
2026-03-19,EUR-BRL,EUR,BRL,5.98906743,6.00042985,6.00697923,5.96760353,awesomeapi,market_api
2026-03-20,EUR-BRL,EUR,BRL,6.07009657,6.08009998,6.08694398,6.01423818,awesomeapi,market_api
2026-03-21,EUR-BRL,EUR,BRL,6.0928136,6.10249234,6.10834398,6.04690561,awesomeapi,market_api
2026-03-22,EUR-BRL,EUR,BRL,6.13339119,6.14226893,6.18281894,6.08048712,awesomeapi,market_api
2026-03-23,EUR-BRL,EUR,BRL,6.12250883,6.13216724,6.1634648,6.09446953,awesomeapi,market_api
2026-03-24,EUR-BRL,EUR,BRL,6.12831966,6.13779349,6.18749332,6.08725885,awesomeapi,market_api
2026-03-25,EUR-BRL,EUR,BRL,6.09902213,6.10814943,6.13254861,6.04993131,awesomeapi,market_api
2026-03-26,EUR-BRL,EUR,BRL,6.1470329,6.15930546,6.16721431,6.1247853,awesomeapi,market_api
2026-03-27,EUR-BRL,EUR,BRL,6.09547603,6.10345597,6.13114068,6.05541316,awesomeapi,market_api
2026-03-28,EUR-BRL,EUR,BRL,6.13398498,6.1375035,6.16609156,6.09310917,awesomeapi,market_api
2026-03-29,EUR-BRL,EUR,BRL,6.12797439,6.13641744,6.17245535,6.08041072,awesomeapi,market_api
2026-03-30,EUR-BRL,EUR,BRL,6.18456227,6.19360609,6.23602986,6.14128218,awesomeapi,market_api
2026-03-31,EUR-BRL,EUR,BRL,6.2221738,6.23030158,6.26479302,6.20469231,awesomeapi,market_api
2026-04-01,EUR-BRL,EUR,BRL,6.3099366,6.31567697,6.34917935,6.25324878,awesomeapi,market_api
2026-04-02,EUR-BRL,EUR,BRL,6.34735964,6.35699859,6.36464518,6.30458986,awesomeapi,market_api
2026-04-03,EUR-BRL,EUR,BRL,6.27537866,6.28060359,6.32477927,6.22128787,awesomeapi,market_api
2026-04-04,EUR-BRL,EUR,BRL,6.27505141,6.28377489,6.31728816,6.24550388,awesomeapi,market_api
2026-04-05,EUR-BRL,EUR,BRL,6.22271714,6.22999383,6.27817939,6.17426356,awesomeapi,market_api
2026-04-06,EUR-BRL,EUR,BRL,6.20132905,6.20926446,6.23199995,6.18642702,awesomeapi,market_api
2026-04-07,EUR-BRL,EUR,BRL,6.27440683,6.27888996,6.29664459,6.24311594,awesomeapi,market_api
2026-04-08,EUR-BRL,EUR,BRL,6.30723141,6.31931743,6.34533483,6.28276742,awesomeapi,market_api
2026-04-09,EUR-BRL,EUR,BRL,6.2770073,6.28114149,6.30654968,6.22349051,awesomeapi,market_api
2026-04-10,EUR-BRL,EUR,BRL,6.23210862,6.23880822,6.28308755,6.17962404,awesomeapi,market_api
2026-04-11,EUR-BRL,EUR,BRL,6.23644533,6.24060024,6.2792852,6.17612163,awesomeapi,market_api
2026-04-12,EUR-BRL,EUR,BRL,6.18234915,6.18916956,6.19723348,6.12431901,awesomeapi,market_api
2026-04-13,EUR-BRL,EUR,BRL,6.15401203,6.16524617,6.19202617,6.11451542,awesomeapi,market_api
2026-04-14,EUR-BRL,EUR,BRL,6.17118216,6.17622779,6.22398036,6.13422418,awesomeapi,market_api
2026-04-15,EUR-BRL,EUR,BRL,6.2274315,6.23086167,6.27391379,6.16762343,awesomeapi,market_api
2026-04-16,EUR-BRL,EUR,BRL,6.25866649,6.26957989,6.28506295,6.24347921,awesomeapi,market_api
2026-04-17,EUR-BRL,EUR,BRL,6.15392977,6.16568702,6.21237057,6.11541034,awesomeapi,market_api
2026-04-18,EUR-BRL,EUR,BRL,6.17074692,6.17977766,6.20592512,6.1376833,awesomeapi,market_api
2026-04-19,EUR-BRL,EUR,BRL,6.17685751,6.18105267,6.19399226,6.15300337,awesomeapi,market_api
2026-04-20,EUR-BRL,EUR,BRL,6.19881116,6.20968983,6.21844068,6.17517144,awesomeapi,market_api
2026-04-21,EUR-BRL,EUR,BRL,6.27673997,6.2850436,6.30009603,6.25599124,awesomeapi,market_api
2026-04-22,EUR-BRL,EUR,BRL,6.18243642,6.19075164,6.213007,6.13910203,awesomeapi,market_api
2026-04-23,EUR-BRL,EUR,BRL,6.15781007,6.16931476,6.17756399,6.10049645,awesomeapi,market_api
2026-04-24,EUR-BRL,EUR,BRL,6.18787125,6.19934193,6.24128929,6.14424498,awesomeapi,market_api
2026-04-25,EUR-BRL,EUR,BRL,6.11725553,6.12600455,6.16077186,6.07122951,awesomeapi,market_api
2026-04-26,EUR-BRL,EUR,BRL,6.18772397,6.19097082,6.24752672,6.14636009,awesomeapi,market_api
2026-04-27,EUR-BRL,EUR,BRL,6.20760312,6.21798346,6.23875445,6.19457226,awesomeapi,market_api
2026-04-28,EUR-BRL,EUR,BRL,6.24981097,6.25771449,6.28766933,6.21546254,awesomeapi,market_api
2026-04-29,EUR-BRL,EUR,BRL,6.22586121,6.23214669,6.25075599,6.18713412,awesomeapi,market_api
2026-04-30,EUR-BRL,EUR,BRL,6.2666607,6.27332164,6.32781989,6.24545796,awesomeapi,market_api
2026-05-01,EUR-BRL,EUR,BRL,6.31969881,6.32588894,6.34720014,6.27959101,awesomeapi,market_api
2026-05-02,EUR-BRL,EUR,BRL,6.33358056,6.3414907,6.37886518,6.2727781,awesomeapi,market_api
2026-05-03,EUR-BRL,EUR,BRL,6.34756515,6.35345462,6.39543958,6.33359847,awesomeapi,market_api
2026-05-04,EUR-BRL,EUR,BRL,6.36329172,6.36897784,6.39962457,6.3489873,awesomeapi,market_api
2025-11-06,KRW-BRL,KRW,BRL,0.0039,0.00390556,0.00392896,0.0038689,awesomeapi,market_api
2025-11-07,KRW-BRL,KRW,BRL,0.0038673,0.00387223,0.00389372,0.00384732,awesomeapi,market_api
2025-11-08,KRW-BRL,KRW,BRL,0.00386257,0.00386474,0.00387338,0.0038346,awesomeapi,market_api
2025-11-09,KRW-BRL,KRW,BRL,0.00385764,0.00386533,0.00386584,0.00383272,awesomeapi,market_api
2025-11-10,KRW-BRL,KRW,BRL,0.00387339,0.00387969,0.00390676,0.00384875,awesomeapi,market_api
2025-11-11,KRW-BRL,KRW,BRL,0.00391309,0.00391869,0.00394273,0.00387837,awesomeapi,market_api
2025-11-12,KRW-BRL,KRW,BRL,0.00387265,0.00387529,0.00390909,0.0038641,awesomeapi,market_api
2025-11-13,KRW-BRL,KRW,BRL,0.00386877,0.00387556,0.00387889,0.00385501,awesomeapi,market_api
2025-11-14,KRW-BRL,KRW,BRL,0.00392706,0.00392904,0.0039489,0.0039087,awesomeapi,market_api
2025-11-15,KRW-BRL,KRW,BRL,0.00389884,0.00390176,0.0039207,0.00387849,awesomeapi,market_api
2025-11-16,KRW-BRL,KRW,BRL,0.00386775,0.00387414,0.00390312,0.00383983,awesomeapi,market_api
2025-11-17,KRW-BRL,KRW,BRL,0.00387654,0.00387921,0.00389346,0.00384047,awesomeapi,market_api
2025-11-18,KRW-BRL,KRW,BRL,0.00391025,0.00391272,0.00393079,0.00387294,awesomeapi,market_api
2025-11-19,KRW-BRL,KRW,BRL,0.00391167,0.0039192,0.00393236,0.00388296,awesomeapi,market_api
2025-11-20,KRW-BRL,KRW,BRL,0.00396463,0.00396933,0.00399646,0.0039557,awesomeapi,market_api
2025-11-21,KRW-BRL,KRW,BRL,0.00399959,0.00400246,0.00402724,0.00398415,awesomeapi,market_api
2025-11-22,KRW-BRL,KRW,BRL,0.00403426,0.00404031,0.00405367,0.00399758,awesomeapi,market_api
2025-11-23,KRW-BRL,KRW,BRL,0.00405763,0.00406464,0.00408174,0.00402442,awesomeapi,market_api
2025-11-24,KRW-BRL,KRW,BRL,0.00415309,0.00415685,0.00417781,0.00413822,awesomeapi,market_api
2025-11-25,KRW-BRL,KRW,BRL,0.0041456,0.00415303,0.00418119,0.00410739,awesomeapi,market_api
2025-11-26,KRW-BRL,KRW,BRL,0.00406358,0.00407096,0.00410291,0.00404803,awesomeapi,market_api
2025-11-27,KRW-BRL,KRW,BRL,0.00412979,0.00413763,0.00415692,0.00410757,awesomeapi,market_api
2025-11-28,KRW-BRL,KRW,BRL,0.00411192,0.00411743,0.00413141,0.0040942,awesomeapi,market_api
2025-11-29,KRW-BRL,KRW,BRL,0.00411738,0.00412093,0.00412833,0.00409279,awesomeapi,market_api
2025-11-30,KRW-BRL,KRW,BRL,0.00417233,0.00417997,0.00420171,0.0041466,awesomeapi,market_api
2025-12-01,KRW-BRL,KRW,BRL,0.00410652,0.00411122,0.00412999,0.00409144,awesomeapi,market_api
2025-12-02,KRW-BRL,KRW,BRL,0.00405615,0.00406319,0.0040707,0.00402479,awesomeapi,market_api
2025-12-03,KRW-BRL,KRW,BRL,0.00399221,0.00399876,0.00401856,0.00395667,awesomeapi,market_api
2025-12-04,KRW-BRL,KRW,BRL,0.00396151,0.00396522,0.00399737,0.00393047,awesomeapi,market_api
2025-12-05,KRW-BRL,KRW,BRL,0.00397992,0.00398667,0.00400904,0.00394501,awesomeapi,market_api
2025-12-06,KRW-BRL,KRW,BRL,0.00400177,0.00400974,0.00402323,0.00396771,awesomeapi,market_api
2025-12-07,KRW-BRL,KRW,BRL,0.00401383,0.00402032,0.0040364,0.00397604,awesomeapi,market_api
2025-12-08,KRW-BRL,KRW,BRL,0.00395813,0.00396245,0.00398395,0.00394686,awesomeapi,market_api
2025-12-09,KRW-BRL,KRW,BRL,0.00386768,0.00387092,0.00390143,0.00384767,awesomeapi,market_api
2025-12-10,KRW-BRL,KRW,BRL,0.00387075,0.00387497,0.00388611,0.00384778,awesomeapi,market_api
2025-12-11,KRW-BRL,KRW,BRL,0.00385346,0.00386004,0.00388876,0.00384359,awesomeapi,market_api
2025-12-12,KRW-BRL,KRW,BRL,0.00387212,0.0038774,0.00389434,0.00384535,awesomeapi,market_api
2025-12-13,KRW-BRL,KRW,BRL,0.00390027,0.00390484,0.00392051,0.00387775,awesomeapi,market_api
2025-12-14,KRW-BRL,KRW,BRL,0.00390664,0.003912,0.00393011,0.00388407,awesomeapi,market_api
2025-12-15,KRW-BRL,KRW,BRL,0.00393731,0.00394411,0.00396867,0.00391868,awesomeapi,market_api
2025-12-16,KRW-BRL,KRW,BRL,0.00394732,0.00395403,0.00398217,0.00393458,awesomeapi,market_api
2025-12-17,KRW-BRL,KRW,BRL,0.00396923,0.00397468,0.00398623,0.00393782,awesomeapi,market_api
2025-12-18,KRW-BRL,KRW,BRL,0.00394225,0.00394563,0.00397131,0.00392632,awesomeapi,market_api
2025-12-19,KRW-BRL,KRW,BRL,0.00393615,0.00394114,0.0039739,0.00391628,awesomeapi,market_api
2025-12-20,KRW-BRL,KRW,BRL,0.00394488,0.00395204,0.00398392,0.00390939,awesomeapi,market_api
2025-12-21,KRW-BRL,KRW,BRL,0.00397824,0.00398122,0.00401228,0.00396926,awesomeapi,market_api
2025-12-22,KRW-BRL,KRW,BRL,0.00396357,0.00396789,0.00399911,0.0039338,awesomeapi,market_api
2025-12-23,KRW-BRL,KRW,BRL,0.00398522,0.00399039,0.00400555,0.00395135,awesomeapi,market_api
2025-12-24,KRW-BRL,KRW,BRL,0.00397562,0.00398184,0.00399847,0.00393928,awesomeapi,market_api
2025-12-25,KRW-BRL,KRW,BRL,0.00397194,0.0039753,0.0039853,0.00394357,awesomeapi,market_api
2025-12-26,KRW-BRL,KRW,BRL,0.00400588,0.00401373,0.00402182,0.00398987,awesomeapi,market_api
2025-12-27,KRW-BRL,KRW,BRL,0.00392704,0.00392983,0.00396193,0.00391208,awesomeapi,market_api
2025-12-28,KRW-BRL,KRW,BRL,0.00387711,0.00388198,0.0039156,0.00386898,awesomeapi,market_api
2025-12-29,KRW-BRL,KRW,BRL,0.00382062,0.00382571,0.00384391,0.00378829,awesomeapi,market_api
2025-12-30,KRW-BRL,KRW,BRL,0.00373241,0.00373627,0.00375213,0.00371993,awesomeapi,market_api
2025-12-31,KRW-BRL,KRW,BRL,0.00370803,0.003714,0.00373872,0.00369656,awesomeapi,market_api
2026-01-01,KRW-BRL,KRW,BRL,0.00373675,0.00374082,0.00377091,0.00372919,awesomeapi,market_api
2026-01-02,KRW-BRL,KRW,BRL,0.00372703,0.00373057,0.00375104,0.00370962,awesomeapi,market_api
2026-01-03,KRW-BRL,KRW,BRL,0.00373534,0.00373873,0.00375656,0.00372244,awesomeapi,market_api
2026-01-04,KRW-BRL,KRW,BRL,0.00377696,0.00378185,0.00380587,0.00375202,awesomeapi,market_api
2026-01-05,KRW-BRL,KRW,BRL,0.00382805,0.0038305,0.00386156,0.00381503,awesomeapi,market_api
2026-01-06,KRW-BRL,KRW,BRL,0.00382636,0.00383266,0.00384505,0.00379474,awesomeapi,market_api
2026-01-07,KRW-BRL,KRW,BRL,0.00387911,0.00388225,0.00389266,0.00385593,awesomeapi,market_api
2026-01-08,KRW-BRL,KRW,BRL,0.00388365,0.00388579,0.00389842,0.00385339,awesomeapi,market_api
2026-01-09,KRW-BRL,KRW,BRL,0.0038521,0.00385887,0.00386229,0.00381721,awesomeapi,market_api
2026-01-10,KRW-BRL,KRW,BRL,0.00383017,0.00383666,0.00386448,0.00380111,awesomeapi,market_api
2026-01-11,KRW-BRL,KRW,BRL,0.00377442,0.00378012,0.00379782,0.00374716,awesomeapi,market_api
2026-01-12,KRW-BRL,KRW,BRL,0.00374184,0.00374887,0.00375233,0.0037249,awesomeapi,market_api
2026-01-13,KRW-BRL,KRW,BRL,0.00372938,0.00373165,0.00376503,0.00370864,awesomeapi,market_api
2026-01-14,KRW-BRL,KRW,BRL,0.00376028,0.00376597,0.0037931,0.00372295,awesomeapi,market_api
2026-01-15,KRW-BRL,KRW,BRL,0.00382593,0.00382877,0.00385805,0.00379111,awesomeapi,market_api
2026-01-16,KRW-BRL,KRW,BRL,0.003774,0.00377616,0.00380432,0.00375574,awesomeapi,market_api
2026-01-17,KRW-BRL,KRW,BRL,0.00378977,0.00379535,0.00381293,0.00377431,awesomeapi,market_api
2026-01-18,KRW-BRL,KRW,BRL,0.00375128,0.00375392,0.00376229,0.00374068,awesomeapi,market_api
2026-01-19,KRW-BRL,KRW,BRL,0.00377003,0.00377552,0.00378817,0.00375595,awesomeapi,market_api
2026-01-20,KRW-BRL,KRW,BRL,0.00376603,0.00377182,0.00379425,0.00374225,awesomeapi,market_api
2026-01-21,KRW-BRL,KRW,BRL,0.00369802,0.00370505,0.00371682,0.00366589,awesomeapi,market_api
2026-01-22,KRW-BRL,KRW,BRL,0.00373327,0.00373556,0.00376283,0.00369628,awesomeapi,market_api
2026-01-23,KRW-BRL,KRW,BRL,0.00371162,0.00371819,0.00373625,0.00368558,awesomeapi,market_api
2026-01-24,KRW-BRL,KRW,BRL,0.00369273,0.00369653,0.00372019,0.00366258,awesomeapi,market_api
2026-01-25,KRW-BRL,KRW,BRL,0.00365415,0.00366145,0.00367585,0.00364505,awesomeapi,market_api
2026-01-26,KRW-BRL,KRW,BRL,0.00363115,0.00363622,0.00364187,0.00361678,awesomeapi,market_api
2026-01-27,KRW-BRL,KRW,BRL,0.0036476,0.00365122,0.00367623,0.00363494,awesomeapi,market_api
2026-01-28,KRW-BRL,KRW,BRL,0.00364161,0.00364433,0.0036502,0.00360889,awesomeapi,market_api
2026-01-29,KRW-BRL,KRW,BRL,0.00365449,0.00366012,0.00366296,0.00364635,awesomeapi,market_api
2026-01-30,KRW-BRL,KRW,BRL,0.00366863,0.00367354,0.00368426,0.00364378,awesomeapi,market_api
2026-01-31,KRW-BRL,KRW,BRL,0.00371799,0.00372228,0.00375289,0.003702,awesomeapi,market_api
2026-02-01,KRW-BRL,KRW,BRL,0.00370618,0.00371181,0.00371519,0.00367043,awesomeapi,market_api
2026-02-02,KRW-BRL,KRW,BRL,0.00365237,0.00365957,0.00368127,0.00363147,awesomeapi,market_api
2026-02-03,KRW-BRL,KRW,BRL,0.00369226,0.00369533,0.00372365,0.00366313,awesomeapi,market_api
2026-02-04,KRW-BRL,KRW,BRL,0.00368095,0.00368401,0.0037016,0.00365996,awesomeapi,market_api
2026-02-05,KRW-BRL,KRW,BRL,0.00372289,0.00372937,0.00375071,0.00369629,awesomeapi,market_api
2026-02-06,KRW-BRL,KRW,BRL,0.0037381,0.00374361,0.00375366,0.00371951,awesomeapi,market_api
2026-02-07,KRW-BRL,KRW,BRL,0.00373413,0.00373625,0.00376511,0.00371373,awesomeapi,market_api
2026-02-08,KRW-BRL,KRW,BRL,0.00374809,0.00375243,0.00376294,0.00373431,awesomeapi,market_api
2026-02-09,KRW-BRL,KRW,BRL,0.00382215,0.00382743,0.00383691,0.00381254,awesomeapi,market_api
2026-02-10,KRW-BRL,KRW,BRL,0.00390249,0.00390894,0.00392205,0.00388282,awesomeapi,market_api
2026-02-11,KRW-BRL,KRW,BRL,0.00390617,0.00391065,0.00393946,0.00388834,awesomeapi,market_api
2026-02-12,KRW-BRL,KRW,BRL,0.00391341,0.00391981,0.00395065,0.00388489,awesomeapi,market_api
2026-02-13,KRW-BRL,KRW,BRL,0.0039565,0.00396104,0.00398809,0.0039341,awesomeapi,market_api
2026-02-14,KRW-BRL,KRW,BRL,0.00392403,0.00392844,0.00394837,0.00390621,awesomeapi,market_api
2026-02-15,KRW-BRL,KRW,BRL,0.00393809,0.00394067,0.00395903,0.00392631,awesomeapi,market_api
2026-02-16,KRW-BRL,KRW,BRL,0.00393805,0.00394245,0.00396347,0.00390085,awesomeapi,market_api
2026-02-17,KRW-BRL,KRW,BRL,0.0039514,0.00395359,0.00397895,0.00392903,awesomeapi,market_api
2026-02-18,KRW-BRL,KRW,BRL,0.00391946,0.00392153,0.00393512,0.0039079,awesomeapi,market_api
2026-02-19,KRW-BRL,KRW,BRL,0.00385813,0.00386132,0.00387432,0.00383803,awesomeapi,market_api
2026-02-20,KRW-BRL,KRW,BRL,0.00377912,0.00378401,0.00378671,0.00376667,awesomeapi,market_api
2026-02-21,KRW-BRL,KRW,BRL,0.00373784,0.00374023,0.00376175,0.00372052,awesomeapi,market_api
2026-02-22,KRW-BRL,KRW,BRL,0.00372163,0.00372655,0.00373567,0.00371346,awesomeapi,market_api
2026-02-23,KRW-BRL,KRW,BRL,0.00371165,0.00371874,0.00372229,0.00370046,awesomeapi,market_api
2026-02-24,KRW-BRL,KRW,BRL,0.00378448,0.0037872,0.00382175,0.00375821,awesomeapi,market_api
2026-02-25,KRW-BRL,KRW,BRL,0.00382728,0.0038327,0.00386514,0.00381692,awesomeapi,market_api
2026-02-26,KRW-BRL,KRW,BRL,0.00379141,0.00379885,0.00380518,0.00376493,awesomeapi,market_api
2026-02-27,KRW-BRL,KRW,BRL,0.00380554,0.00380985,0.00382485,0.00376958,awesomeapi,market_api
2026-02-28,KRW-BRL,KRW,BRL,0.003791,0.00379375,0.00382883,0.00377192,awesomeapi,market_api
2026-03-01,KRW-BRL,KRW,BRL,0.00378117,0.00378674,0.00381801,0.00377187,awesomeapi,market_api
2026-03-02,KRW-BRL,KRW,BRL,0.00378913,0.00379626,0.00381392,0.00376019,awesomeapi,market_api
2026-03-03,KRW-BRL,KRW,BRL,0.00381353,0.00381629,0.00383743,0.00378536,awesomeapi,market_api
2026-03-04,KRW-BRL,KRW,BRL,0.00380155,0.00380605,0.00381387,0.00378652,awesomeapi,market_api
2026-03-05,KRW-BRL,KRW,BRL,0.00384294,0.00384979,0.00385169,0.00381346,awesomeapi,market_api
2026-03-06,KRW-BRL,KRW,BRL,0.00380002,0.00380762,0.00380785,0.00378752,awesomeapi,market_api
2026-03-07,KRW-BRL,KRW,BRL,0.00380121,0.00380695,0.00381064,0.00377567,awesomeapi,market_api
2026-03-08,KRW-BRL,KRW,BRL,0.0039009,0.00390686,0.00392706,0.00388171,awesomeapi,market_api
2026-03-09,KRW-BRL,KRW,BRL,0.00391058,0.00391663,0.00393699,0.00389626,awesomeapi,market_api
2026-03-10,KRW-BRL,KRW,BRL,0.00396761,0.00397294,0.00400353,0.0039385,awesomeapi,market_api
2026-03-11,KRW-BRL,KRW,BRL,0.00397223,0.00397703,0.00399039,0.00396155,awesomeapi,market_api
2026-03-12,KRW-BRL,KRW,BRL,0.00399629,0.00399976,0.00400464,0.00395676,awesomeapi,market_api
2026-03-13,KRW-BRL,KRW,BRL,0.00399502,0.00399835,0.00402905,0.00398164,awesomeapi,market_api
2026-03-14,KRW-BRL,KRW,BRL,0.00398921,0.0039929,0.00401054,0.00397088,awesomeapi,market_api
2026-03-15,KRW-BRL,KRW,BRL,0.00395911,0.00396583,0.00399737,0.00392347,awesomeapi,market_api
2026-03-16,KRW-BRL,KRW,BRL,0.00397714,0.00398004,0.00400981,0.00396448,awesomeapi,market_api
2026-03-17,KRW-BRL,KRW,BRL,0.00394427,0.00395164,0.0039685,0.00392576,awesomeapi,market_api
2026-03-18,KRW-BRL,KRW,BRL,0.00397151,0.00397443,0.00397982,0.00395569,awesomeapi,market_api
2026-03-19,KRW-BRL,KRW,BRL,0.0040156,0.00402311,0.00404924,0.00397642,awesomeapi,market_api
2026-03-20,KRW-BRL,KRW,BRL,0.00403132,0.00403395,0.00405848,0.00401497,awesomeapi,market_api
2026-03-21,KRW-BRL,KRW,BRL,0.00402079,0.00402608,0.00403914,0.00400363,awesomeapi,market_api
2026-03-22,KRW-BRL,KRW,BRL,0.00404005,0.00404555,0.00405405,0.00401681,awesomeapi,market_api
2026-03-23,KRW-BRL,KRW,BRL,0.00402859,0.00403454,0.00404078,0.00399054,awesomeapi,market_api
2026-03-24,KRW-BRL,KRW,BRL,0.00406729,0.0040724,0.00410209,0.00403787,awesomeapi,market_api
2026-03-25,KRW-BRL,KRW,BRL,0.00399381,0.00400006,0.00402468,0.00395787,awesomeapi,market_api
2026-03-26,KRW-BRL,KRW,BRL,0.00398141,0.00398706,0.00399823,0.00397028,awesomeapi,market_api
2026-03-27,KRW-BRL,KRW,BRL,0.00390314,0.00390864,0.00391302,0.0038878,awesomeapi,market_api
2026-03-28,KRW-BRL,KRW,BRL,0.00384576,0.00384804,0.00387034,0.00383314,awesomeapi,market_api
2026-03-29,KRW-BRL,KRW,BRL,0.00389918,0.0039047,0.00393164,0.00386574,awesomeapi,market_api
2026-03-30,KRW-BRL,KRW,BRL,0.00393506,0.00393885,0.00396021,0.00390946,awesomeapi,market_api
2026-03-31,KRW-BRL,KRW,BRL,0.00390773,0.00391245,0.00393602,0.00389334,awesomeapi,market_api
2026-04-01,KRW-BRL,KRW,BRL,0.00384999,0.00385757,0.00386071,0.00381675,awesomeapi,market_api
2026-04-02,KRW-BRL,KRW,BRL,0.00373682,0.00374202,0.00375161,0.00370705,awesomeapi,market_api
2026-04-03,KRW-BRL,KRW,BRL,0.00371744,0.00371977,0.00374791,0.00369246,awesomeapi,market_api
2026-04-04,KRW-BRL,KRW,BRL,0.00380835,0.00381089,0.00381839,0.00377786,awesomeapi,market_api
2026-04-05,KRW-BRL,KRW,BRL,0.00382586,0.00382946,0.00386074,0.00379489,awesomeapi,market_api
2026-04-06,KRW-BRL,KRW,BRL,0.00380541,0.0038113,0.00382151,0.00377622,awesomeapi,market_api
2026-04-07,KRW-BRL,KRW,BRL,0.00382406,0.00383141,0.00383451,0.00380644,awesomeapi,market_api
2026-04-08,KRW-BRL,KRW,BRL,0.00376533,0.00376853,0.0037847,0.00373543,awesomeapi,market_api
2026-04-09,KRW-BRL,KRW,BRL,0.00375507,0.00375962,0.00377973,0.00373812,awesomeapi,market_api
2026-04-10,KRW-BRL,KRW,BRL,0.00375975,0.00376242,0.00377529,0.00372637,awesomeapi,market_api
2026-04-11,KRW-BRL,KRW,BRL,0.00375745,0.00376272,0.00377633,0.00372619,awesomeapi,market_api
2026-04-12,KRW-BRL,KRW,BRL,0.0037881,0.00379036,0.00380337,0.00377355,awesomeapi,market_api
2026-04-13,KRW-BRL,KRW,BRL,0.00380211,0.00380963,0.00383119,0.00377571,awesomeapi,market_api
2026-04-14,KRW-BRL,KRW,BRL,0.00382847,0.00383041,0.00384177,0.00380134,awesomeapi,market_api
2026-04-15,KRW-BRL,KRW,BRL,0.00380307,0.00380714,0.0038388,0.0037722,awesomeapi,market_api
2026-04-16,KRW-BRL,KRW,BRL,0.00383816,0.00384266,0.00386886,0.00380054,awesomeapi,market_api
2026-04-17,KRW-BRL,KRW,BRL,0.00390165,0.00390629,0.0039295,0.00386517,awesomeapi,market_api
2026-04-18,KRW-BRL,KRW,BRL,0.00386477,0.00386814,0.00389991,0.00385402,awesomeapi,market_api
2026-04-19,KRW-BRL,KRW,BRL,0.00383143,0.00383707,0.00386309,0.00380493,awesomeapi,market_api
2026-04-20,KRW-BRL,KRW,BRL,0.00388357,0.00388839,0.00391051,0.00387109,awesomeapi,market_api
2026-04-21,KRW-BRL,KRW,BRL,0.00387711,0.0038803,0.00389323,0.00385081,awesomeapi,market_api
2026-04-22,KRW-BRL,KRW,BRL,0.0039325,0.00393708,0.00394806,0.00389686,awesomeapi,market_api
2026-04-23,KRW-BRL,KRW,BRL,0.00391608,0.00392024,0.00393789,0.00389542,awesomeapi,market_api
2026-04-24,KRW-BRL,KRW,BRL,0.00397404,0.00397711,0.00400525,0.00395184,awesomeapi,market_api
2026-04-25,KRW-BRL,KRW,BRL,0.00398026,0.00398235,0.00401892,0.00394633,awesomeapi,market_api
2026-04-26,KRW-BRL,KRW,BRL,0.00399153,0.00399786,0.00402727,0.00395459,awesomeapi,market_api
2026-04-27,KRW-BRL,KRW,BRL,0.00405499,0.00405907,0.00408292,0.00402713,awesomeapi,market_api
2026-04-28,KRW-BRL,KRW,BRL,0.00404133,0.00404497,0.00405659,0.00402957,awesomeapi,market_api
2026-04-29,KRW-BRL,KRW,BRL,0.00400431,0.00401027,0.00403733,0.00397192,awesomeapi,market_api
2026-04-30,KRW-BRL,KRW,BRL,0.00398735,0.00399123,0.00400187,0.0039649,awesomeapi,market_api
2026-05-01,KRW-BRL,KRW,BRL,0.00400638,0.00401167,0.00404385,0.00397033,awesomeapi,market_api
2026-05-02,KRW-BRL,KRW,BRL,0.00394465,0.00395205,0.00397937,0.00390632,awesomeapi,market_api
2026-05-03,KRW-BRL,KRW,BRL,0.00397078,0.00397554,0.00398023,0.00396019,awesomeapi,market_api
2026-05-04,KRW-BRL,KRW,BRL,0.00395038,0.00395467,0.00396643,0.00393711,awesomeapi,market_api
2025-11-06,JPY-BRL,JPY,BRL,0.034,0.03406561,0.03412115,0.03367105,awesomeapi,market_api
2025-11-07,JPY-BRL,JPY,BRL,0.03423755,0.03429375,0.03448158,0.03398392,awesomeapi,market_api
2025-11-08,JPY-BRL,JPY,BRL,0.03374914,0.03378279,0.03399116,0.03363123,awesomeapi,market_api
2025-11-09,JPY-BRL,JPY,BRL,0.03359324,0.03365728,0.03374153,0.03345747,awesomeapi,market_api
2025-11-10,JPY-BRL,JPY,BRL,0.03325667,0.03330878,0.03349783,0.03307009,awesomeapi,market_api
2025-11-11,JPY-BRL,JPY,BRL,0.03309513,0.03314307,0.03320355,0.03285067,awesomeapi,market_api
2025-11-12,JPY-BRL,JPY,BRL,0.03314762,0.03317765,0.03328627,0.03303832,awesomeapi,market_api
2025-11-13,JPY-BRL,JPY,BRL,0.03311529,0.03314836,0.03326928,0.03292874,awesomeapi,market_api
2025-11-14,JPY-BRL,JPY,BRL,0.03306826,0.03309424,0.03318545,0.0328588,awesomeapi,market_api
2025-11-15,JPY-BRL,JPY,BRL,0.03303998,0.03306289,0.03328815,0.0327244,awesomeapi,market_api
2025-11-16,JPY-BRL,JPY,BRL,0.0330836,0.03312132,0.03338826,0.03299141,awesomeapi,market_api
2025-11-17,JPY-BRL,JPY,BRL,0.03288672,0.03290528,0.03314228,0.03262072,awesomeapi,market_api
2025-11-18,JPY-BRL,JPY,BRL,0.03302948,0.03308776,0.03311055,0.03275813,awesomeapi,market_api
2025-11-19,JPY-BRL,JPY,BRL,0.03316411,0.03319942,0.03331092,0.03305187,awesomeapi,market_api
2025-11-20,JPY-BRL,JPY,BRL,0.03324404,0.03331033,0.03332746,0.03295761,awesomeapi,market_api
2025-11-21,JPY-BRL,JPY,BRL,0.03335837,0.03340705,0.03362126,0.03310172,awesomeapi,market_api
2025-11-22,JPY-BRL,JPY,BRL,0.03342104,0.03348078,0.03353702,0.03335398,awesomeapi,market_api
2025-11-23,JPY-BRL,JPY,BRL,0.03383247,0.03387976,0.03399591,0.0337313,awesomeapi,market_api
2025-11-24,JPY-BRL,JPY,BRL,0.03381817,0.03384452,0.03397556,0.03373153,awesomeapi,market_api
2025-11-25,JPY-BRL,JPY,BRL,0.03375924,0.033779,0.03407415,0.03360743,awesomeapi,market_api
2025-11-26,JPY-BRL,JPY,BRL,0.03360999,0.03367631,0.0339365,0.03350443,awesomeapi,market_api
2025-11-27,JPY-BRL,JPY,BRL,0.03340518,0.03345771,0.03363255,0.0331538,awesomeapi,market_api
2025-11-28,JPY-BRL,JPY,BRL,0.03315909,0.03318045,0.03327543,0.03307244,awesomeapi,market_api
2025-11-29,JPY-BRL,JPY,BRL,0.03298558,0.03303196,0.03331189,0.03274228,awesomeapi,market_api
2025-11-30,JPY-BRL,JPY,BRL,0.03297489,0.03302653,0.03330057,0.03273008,awesomeapi,market_api
2025-12-01,JPY-BRL,JPY,BRL,0.03304432,0.03306284,0.03333961,0.03288183,awesomeapi,market_api
2025-12-02,JPY-BRL,JPY,BRL,0.03305777,0.03307451,0.03325803,0.03274385,awesomeapi,market_api
2025-12-03,JPY-BRL,JPY,BRL,0.03290923,0.03293839,0.03310445,0.03279766,awesomeapi,market_api
2025-12-04,JPY-BRL,JPY,BRL,0.03309027,0.03310968,0.03317777,0.03283163,awesomeapi,market_api
2025-12-05,JPY-BRL,JPY,BRL,0.03324038,0.03330009,0.03334497,0.03309723,awesomeapi,market_api
2025-12-06,JPY-BRL,JPY,BRL,0.03321187,0.03323819,0.03328543,0.0329984,awesomeapi,market_api
2025-12-07,JPY-BRL,JPY,BRL,0.03308508,0.03313636,0.03332273,0.0329162,awesomeapi,market_api
2025-12-08,JPY-BRL,JPY,BRL,0.03319726,0.03324149,0.03328864,0.03308988,awesomeapi,market_api
2025-12-09,JPY-BRL,JPY,BRL,0.03323802,0.03330109,0.03350698,0.03292618,awesomeapi,market_api
2025-12-10,JPY-BRL,JPY,BRL,0.03295254,0.03301433,0.03318964,0.03264194,awesomeapi,market_api
2025-12-11,JPY-BRL,JPY,BRL,0.0329424,0.03297946,0.03300924,0.03286002,awesomeapi,market_api
2025-12-12,JPY-BRL,JPY,BRL,0.03299749,0.0330194,0.03308865,0.03283865,awesomeapi,market_api
2025-12-13,JPY-BRL,JPY,BRL,0.03282266,0.0328736,0.03309591,0.03260204,awesomeapi,market_api
2025-12-14,JPY-BRL,JPY,BRL,0.03286333,0.03288698,0.03312568,0.03270432,awesomeapi,market_api
2025-12-15,JPY-BRL,JPY,BRL,0.03257975,0.03259668,0.03271804,0.03242843,awesomeapi,market_api
2025-12-16,JPY-BRL,JPY,BRL,0.03284421,0.03287414,0.03312322,0.03257884,awesomeapi,market_api
2025-12-17,JPY-BRL,JPY,BRL,0.03309342,0.03314449,0.03319641,0.03281336,awesomeapi,market_api
2025-12-18,JPY-BRL,JPY,BRL,0.03304659,0.03309668,0.03316419,0.03280916,awesomeapi,market_api
2025-12-19,JPY-BRL,JPY,BRL,0.03312196,0.03316254,0.03330462,0.033026,awesomeapi,market_api
2025-12-20,JPY-BRL,JPY,BRL,0.03264634,0.03268805,0.03273773,0.03253815,awesomeapi,market_api
2025-12-21,JPY-BRL,JPY,BRL,0.0324231,0.03244576,0.03273543,0.03228437,awesomeapi,market_api
2025-12-22,JPY-BRL,JPY,BRL,0.0323692,0.03240263,0.03251734,0.03207185,awesomeapi,market_api
2025-12-23,JPY-BRL,JPY,BRL,0.03216421,0.03220745,0.03246505,0.0320227,awesomeapi,market_api
2025-12-24,JPY-BRL,JPY,BRL,0.03230529,0.03232701,0.03251365,0.03215138,awesomeapi,market_api
2025-12-25,JPY-BRL,JPY,BRL,0.03269566,0.03275134,0.03299108,0.03250666,awesomeapi,market_api
2025-12-26,JPY-BRL,JPY,BRL,0.03246811,0.03253165,0.03267669,0.0323328,awesomeapi,market_api
2025-12-27,JPY-BRL,JPY,BRL,0.03230821,0.03234806,0.03238247,0.03203579,awesomeapi,market_api
2025-12-28,JPY-BRL,JPY,BRL,0.03235708,0.03237819,0.03250172,0.03214603,awesomeapi,market_api
2025-12-29,JPY-BRL,JPY,BRL,0.03267311,0.03269155,0.03275918,0.03242581,awesomeapi,market_api
2025-12-30,JPY-BRL,JPY,BRL,0.03243674,0.03245645,0.03262541,0.03228398,awesomeapi,market_api
2025-12-31,JPY-BRL,JPY,BRL,0.03248845,0.03251581,0.03260249,0.03222506,awesomeapi,market_api
2026-01-01,JPY-BRL,JPY,BRL,0.03284673,0.03291003,0.03294926,0.03252886,awesomeapi,market_api
2026-01-02,JPY-BRL,JPY,BRL,0.03252448,0.03256976,0.03275649,0.03227471,awesomeapi,market_api
2026-01-03,JPY-BRL,JPY,BRL,0.03227774,0.03232797,0.03255399,0.03208834,awesomeapi,market_api
2026-01-04,JPY-BRL,JPY,BRL,0.03219893,0.03224079,0.03234674,0.03210742,awesomeapi,market_api
2026-01-05,JPY-BRL,JPY,BRL,0.03210157,0.03214963,0.03217441,0.03196658,awesomeapi,market_api
2026-01-06,JPY-BRL,JPY,BRL,0.0322613,0.03228199,0.03237505,0.03203193,awesomeapi,market_api
2026-01-07,JPY-BRL,JPY,BRL,0.0323113,0.03235792,0.03248476,0.03222337,awesomeapi,market_api
2026-01-08,JPY-BRL,JPY,BRL,0.03197043,0.03200719,0.03212459,0.03172222,awesomeapi,market_api
2026-01-09,JPY-BRL,JPY,BRL,0.03207249,0.03211638,0.03226276,0.0318834,awesomeapi,market_api
2026-01-10,JPY-BRL,JPY,BRL,0.03196456,0.03202687,0.03222188,0.03177354,awesomeapi,market_api
2026-01-11,JPY-BRL,JPY,BRL,0.03221218,0.03225144,0.03228343,0.03190487,awesomeapi,market_api
2026-01-12,JPY-BRL,JPY,BRL,0.0320941,0.03212552,0.032224,0.03177331,awesomeapi,market_api
2026-01-13,JPY-BRL,JPY,BRL,0.03197472,0.03202518,0.03205079,0.03189494,awesomeapi,market_api
2026-01-14,JPY-BRL,JPY,BRL,0.03208174,0.032099,0.03229979,0.03199921,awesomeapi,market_api
2026-01-15,JPY-BRL,JPY,BRL,0.0322318,0.03229304,0.03253785,0.03202653,awesomeapi,market_api
2026-01-16,JPY-BRL,JPY,BRL,0.03232168,0.03236774,0.0324618,0.0322405,awesomeapi,market_api
2026-01-17,JPY-BRL,JPY,BRL,0.03199803,0.03204942,0.03208808,0.03191213,awesomeapi,market_api
2026-01-18,JPY-BRL,JPY,BRL,0.03210452,0.03213556,0.03217193,0.03192884,awesomeapi,market_api
2026-01-19,JPY-BRL,JPY,BRL,0.0319085,0.03195832,0.03217687,0.03169042,awesomeapi,market_api
2026-01-20,JPY-BRL,JPY,BRL,0.03195673,0.0320133,0.03212457,0.03167583,awesomeapi,market_api
2026-01-21,JPY-BRL,JPY,BRL,0.03168694,0.03172686,0.03180685,0.03138423,awesomeapi,market_api
2026-01-22,JPY-BRL,JPY,BRL,0.03177496,0.03180396,0.03184517,0.03164973,awesomeapi,market_api
2026-01-23,JPY-BRL,JPY,BRL,0.03162436,0.03165757,0.0317765,0.03142838,awesomeapi,market_api
2026-01-24,JPY-BRL,JPY,BRL,0.03138415,0.03144142,0.03152032,0.03119063,awesomeapi,market_api
2026-01-25,JPY-BRL,JPY,BRL,0.0315217,0.03155355,0.03179198,0.03141892,awesomeapi,market_api
2026-01-26,JPY-BRL,JPY,BRL,0.03157056,0.03159125,0.03176074,0.03133772,awesomeapi,market_api
2026-01-27,JPY-BRL,JPY,BRL,0.03145741,0.03151068,0.03166871,0.03119975,awesomeapi,market_api
2026-01-28,JPY-BRL,JPY,BRL,0.03173446,0.03176902,0.03180628,0.03164152,awesomeapi,market_api
2026-01-29,JPY-BRL,JPY,BRL,0.03165373,0.0316714,0.03180034,0.03146495,awesomeapi,market_api
2026-01-30,JPY-BRL,JPY,BRL,0.031663,0.03169575,0.03186832,0.03147793,awesomeapi,market_api
2026-01-31,JPY-BRL,JPY,BRL,0.03171725,0.03176536,0.03194992,0.03157311,awesomeapi,market_api
2026-02-01,JPY-BRL,JPY,BRL,0.0316025,0.03163471,0.03181364,0.0313885,awesomeapi,market_api
2026-02-02,JPY-BRL,JPY,BRL,0.03169499,0.0317258,0.03184214,0.03145562,awesomeapi,market_api
2026-02-03,JPY-BRL,JPY,BRL,0.03159671,0.0316432,0.03169405,0.03142204,awesomeapi,market_api
2026-02-04,JPY-BRL,JPY,BRL,0.03152184,0.03157981,0.03159404,0.03124314,awesomeapi,market_api
2026-02-05,JPY-BRL,JPY,BRL,0.03178271,0.03180638,0.03197525,0.03161125,awesomeapi,market_api
2026-02-06,JPY-BRL,JPY,BRL,0.03158745,0.03160372,0.03188194,0.03140931,awesomeapi,market_api
2026-02-07,JPY-BRL,JPY,BRL,0.03113333,0.03119346,0.03126701,0.0308553,awesomeapi,market_api
2026-02-08,JPY-BRL,JPY,BRL,0.03143736,0.03149658,0.03164028,0.03132351,awesomeapi,market_api
2026-02-09,JPY-BRL,JPY,BRL,0.03192137,0.03197014,0.03212541,0.03161632,awesomeapi,market_api
2026-02-10,JPY-BRL,JPY,BRL,0.03184694,0.03188385,0.03197905,0.03174802,awesomeapi,market_api
2026-02-11,JPY-BRL,JPY,BRL,0.03148003,0.03152876,0.03178831,0.03140993,awesomeapi,market_api
2026-02-12,JPY-BRL,JPY,BRL,0.03142454,0.03147515,0.03172041,0.03134289,awesomeapi,market_api
2026-02-13,JPY-BRL,JPY,BRL,0.03137371,0.03139458,0.03161013,0.03114833,awesomeapi,market_api
2026-02-14,JPY-BRL,JPY,BRL,0.0313411,0.03136,0.03161299,0.03114718,awesomeapi,market_api
2026-02-15,JPY-BRL,JPY,BRL,0.03113486,0.0311928,0.03141582,0.03087022,awesomeapi,market_api
2026-02-16,JPY-BRL,JPY,BRL,0.03124624,0.03128605,0.03137166,0.03105727,awesomeapi,market_api
2026-02-17,JPY-BRL,JPY,BRL,0.0313477,0.03136812,0.03157562,0.03125141,awesomeapi,market_api
2026-02-18,JPY-BRL,JPY,BRL,0.03106976,0.03110912,0.03114542,0.03093317,awesomeapi,market_api
2026-02-19,JPY-BRL,JPY,BRL,0.03120321,0.03122967,0.03142039,0.0309444,awesomeapi,market_api
2026-02-20,JPY-BRL,JPY,BRL,0.03159063,0.03160914,0.0318687,0.03130991,awesomeapi,market_api
2026-02-21,JPY-BRL,JPY,BRL,0.03162639,0.03165844,0.03185637,0.03146127,awesomeapi,market_api
2026-02-22,JPY-BRL,JPY,BRL,0.03156554,0.03158862,0.03176217,0.0314806,awesomeapi,market_api
2026-02-23,JPY-BRL,JPY,BRL,0.0315418,0.03159913,0.03183811,0.0312714,awesomeapi,market_api
2026-02-24,JPY-BRL,JPY,BRL,0.03166139,0.03170394,0.03186595,0.03134868,awesomeapi,market_api
2026-02-25,JPY-BRL,JPY,BRL,0.03133579,0.03136311,0.0314175,0.03113224,awesomeapi,market_api
2026-02-26,JPY-BRL,JPY,BRL,0.03136983,0.03140098,0.03151346,0.03130531,awesomeapi,market_api
2026-02-27,JPY-BRL,JPY,BRL,0.03129947,0.03134311,0.03142818,0.03118983,awesomeapi,market_api
2026-02-28,JPY-BRL,JPY,BRL,0.03164962,0.03166736,0.03180517,0.03136377,awesomeapi,market_api
2026-03-01,JPY-BRL,JPY,BRL,0.03161971,0.03165148,0.03185472,0.03136509,awesomeapi,market_api
2026-03-02,JPY-BRL,JPY,BRL,0.0319393,0.03197099,0.03221312,0.03169863,awesomeapi,market_api
2026-03-03,JPY-BRL,JPY,BRL,0.03173098,0.03177346,0.03179469,0.03165861,awesomeapi,market_api
2026-03-04,JPY-BRL,JPY,BRL,0.03184595,0.03190921,0.03210895,0.0315434,awesomeapi,market_api
2026-03-05,JPY-BRL,JPY,BRL,0.03191017,0.03196931,0.03197921,0.0316442,awesomeapi,market_api
2026-03-06,JPY-BRL,JPY,BRL,0.03174697,0.03178433,0.03201099,0.03168177,awesomeapi,market_api
2026-03-07,JPY-BRL,JPY,BRL,0.03178394,0.03181357,0.03203854,0.03151873,awesomeapi,market_api
2026-03-08,JPY-BRL,JPY,BRL,0.03201835,0.03206412,0.03215955,0.03187481,awesomeapi,market_api
2026-03-09,JPY-BRL,JPY,BRL,0.03195934,0.03202167,0.03213556,0.03178111,awesomeapi,market_api
2026-03-10,JPY-BRL,JPY,BRL,0.0316381,0.03168013,0.03180502,0.03143494,awesomeapi,market_api
2026-03-11,JPY-BRL,JPY,BRL,0.03163793,0.03167426,0.03191045,0.03134457,awesomeapi,market_api
2026-03-12,JPY-BRL,JPY,BRL,0.03146979,0.03152952,0.03167479,0.03129553,awesomeapi,market_api
2026-03-13,JPY-BRL,JPY,BRL,0.03140829,0.03145722,0.03168175,0.03120402,awesomeapi,market_api
2026-03-14,JPY-BRL,JPY,BRL,0.03139606,0.03144472,0.03164716,0.03116338,awesomeapi,market_api
2026-03-15,JPY-BRL,JPY,BRL,0.03107789,0.03112821,0.03119192,0.03089183,awesomeapi,market_api
2026-03-16,JPY-BRL,JPY,BRL,0.03077973,0.03082228,0.0308419,0.0305074,awesomeapi,market_api
2026-03-17,JPY-BRL,JPY,BRL,0.03087184,0.03091552,0.03096548,0.03060847,awesomeapi,market_api
2026-03-18,JPY-BRL,JPY,BRL,0.0307781,0.0308266,0.03102637,0.03062001,awesomeapi,market_api
2026-03-19,JPY-BRL,JPY,BRL,0.03030755,0.03036154,0.03046855,0.03010861,awesomeapi,market_api
2026-03-20,JPY-BRL,JPY,BRL,0.0304533,0.03046856,0.03067132,0.03021743,awesomeapi,market_api
2026-03-21,JPY-BRL,JPY,BRL,0.03050612,0.03054732,0.03068831,0.03024744,awesomeapi,market_api
2026-03-22,JPY-BRL,JPY,BRL,0.0303785,0.03042474,0.03050684,0.03008466,awesomeapi,market_api
2026-03-23,JPY-BRL,JPY,BRL,0.03014152,0.03018857,0.03044003,0.02984703,awesomeapi,market_api
2026-03-24,JPY-BRL,JPY,BRL,0.03029569,0.03035259,0.03053936,0.03008739,awesomeapi,market_api
2026-03-25,JPY-BRL,JPY,BRL,0.03036222,0.03038524,0.03055492,0.03011559,awesomeapi,market_api
2026-03-26,JPY-BRL,JPY,BRL,0.0307993,0.03083877,0.03107483,0.03071069,awesomeapi,market_api
2026-03-27,JPY-BRL,JPY,BRL,0.03088003,0.03091312,0.03106679,0.03071147,awesomeapi,market_api
2026-03-28,JPY-BRL,JPY,BRL,0.03095495,0.03097547,0.03105488,0.03068562,awesomeapi,market_api
2026-03-29,JPY-BRL,JPY,BRL,0.03092705,0.03096498,0.03100095,0.03086111,awesomeapi,market_api
2026-03-30,JPY-BRL,JPY,BRL,0.0310817,0.03111932,0.03118474,0.03084421,awesomeapi,market_api
2026-03-31,JPY-BRL,JPY,BRL,0.03120138,0.03125421,0.03132077,0.03099116,awesomeapi,market_api
2026-04-01,JPY-BRL,JPY,BRL,0.03143884,0.03146184,0.03157807,0.03115242,awesomeapi,market_api
2026-04-02,JPY-BRL,JPY,BRL,0.03134364,0.03138489,0.03162846,0.03122447,awesomeapi,market_api
2026-04-03,JPY-BRL,JPY,BRL,0.03126489,0.031296,0.03144522,0.03108228,awesomeapi,market_api
2026-04-04,JPY-BRL,JPY,BRL,0.03117814,0.03124039,0.03126904,0.03090329,awesomeapi,market_api
2026-04-05,JPY-BRL,JPY,BRL,0.0313292,0.03138545,0.0315305,0.03118031,awesomeapi,market_api
2026-04-06,JPY-BRL,JPY,BRL,0.03161399,0.03165441,0.03175118,0.03134865,awesomeapi,market_api
2026-04-07,JPY-BRL,JPY,BRL,0.03153011,0.03156944,0.03182671,0.03130998,awesomeapi,market_api
2026-04-08,JPY-BRL,JPY,BRL,0.03145291,0.0314929,0.03169473,0.0312632,awesomeapi,market_api
2026-04-09,JPY-BRL,JPY,BRL,0.03151532,0.03157384,0.03162486,0.03120689,awesomeapi,market_api
2026-04-10,JPY-BRL,JPY,BRL,0.031472,0.03152608,0.03175166,0.03128747,awesomeapi,market_api
2026-04-11,JPY-BRL,JPY,BRL,0.03165493,0.03171051,0.03179593,0.03139866,awesomeapi,market_api
2026-04-12,JPY-BRL,JPY,BRL,0.03123041,0.03125261,0.03136959,0.03105659,awesomeapi,market_api
2026-04-13,JPY-BRL,JPY,BRL,0.03107863,0.03110919,0.03123701,0.03081257,awesomeapi,market_api
2026-04-14,JPY-BRL,JPY,BRL,0.03093584,0.03096322,0.03118216,0.03085572,awesomeapi,market_api
2026-04-15,JPY-BRL,JPY,BRL,0.03050824,0.03055853,0.03076256,0.03034918,awesomeapi,market_api
2026-04-16,JPY-BRL,JPY,BRL,0.0303349,0.03038294,0.03061765,0.03007991,awesomeapi,market_api
2026-04-17,JPY-BRL,JPY,BRL,0.03017136,0.03020412,0.03034858,0.0299229,awesomeapi,market_api
2026-04-18,JPY-BRL,JPY,BRL,0.03013797,0.03016627,0.03039207,0.0299986,awesomeapi,market_api
2026-04-19,JPY-BRL,JPY,BRL,0.03034224,0.0303941,0.030424,0.03027078,awesomeapi,market_api
2026-04-20,JPY-BRL,JPY,BRL,0.03030066,0.03036116,0.03057202,0.03002605,awesomeapi,market_api
2026-04-21,JPY-BRL,JPY,BRL,0.03011629,0.03017432,0.03028212,0.02998695,awesomeapi,market_api
2026-04-22,JPY-BRL,JPY,BRL,0.03010901,0.03012993,0.03028995,0.02999579,awesomeapi,market_api
2026-04-23,JPY-BRL,JPY,BRL,0.03030155,0.03035923,0.03036313,0.03020624,awesomeapi,market_api
2026-04-24,JPY-BRL,JPY,BRL,0.03012715,0.03015335,0.03023535,0.03001248,awesomeapi,market_api
2026-04-25,JPY-BRL,JPY,BRL,0.02996556,0.03001003,0.030104,0.02975819,awesomeapi,market_api
2026-04-26,JPY-BRL,JPY,BRL,0.03006898,0.03012417,0.03027407,0.02984177,awesomeapi,market_api
2026-04-27,JPY-BRL,JPY,BRL,0.03003202,0.0300635,0.03013046,0.02989493,awesomeapi,market_api
2026-04-28,JPY-BRL,JPY,BRL,0.03015169,0.03021038,0.03036199,0.03002445,awesomeapi,market_api
2026-04-29,JPY-BRL,JPY,BRL,0.03015224,0.03018771,0.03041409,0.0299307,awesomeapi,market_api
2026-04-30,JPY-BRL,JPY,BRL,0.0302822,0.0303228,0.0305572,0.03005873,awesomeapi,market_api
2026-05-01,JPY-BRL,JPY,BRL,0.03009716,0.03014122,0.03020304,0.03001135,awesomeapi,market_api
2026-05-02,JPY-BRL,JPY,BRL,0.03009799,0.03015661,0.03030238,0.0299377,awesomeapi,market_api
2026-05-03,JPY-BRL,JPY,BRL,0.03006295,0.03010454,0.03013794,0.0298051,awesomeapi,market_api
2026-05-04,JPY-BRL,JPY,BRL,0.02984663,0.02987126,0.03009843,0.02965935,awesomeapi,market_api
2025-11-06,CNY-BRL,CNY,BRL,0.7,0.7006404,0.70156918,0.69403133,awesomeapi,market_api
2025-11-07,CNY-BRL,CNY,BRL,0.69422561,0.69475648,0.69590178,0.68863916,awesomeapi,market_api
2025-11-08,CNY-BRL,CNY,BRL,0.69708694,0.6978015,0.70065231,0.69431495,awesomeapi,market_api
2025-11-09,CNY-BRL,CNY,BRL,0.69598538,0.69723034,0.69903285,0.69342308,awesomeapi,market_api
2025-11-10,CNY-BRL,CNY,BRL,0.69231577,0.69298307,0.69482555,0.6891718,awesomeapi,market_api
2025-11-11,CNY-BRL,CNY,BRL,0.69219186,0.69262406,0.6944541,0.68849803,awesomeapi,market_api
2025-11-12,CNY-BRL,CNY,BRL,0.69672855,0.69799604,0.69844134,0.69414968,awesomeapi,market_api
2025-11-13,CNY-BRL,CNY,BRL,0.6882326,0.68951445,0.69450937,0.68311518,awesomeapi,market_api
2025-11-14,CNY-BRL,CNY,BRL,0.68280829,0.68339599,0.68646711,0.68028889,awesomeapi,market_api
2025-11-15,CNY-BRL,CNY,BRL,0.67958142,0.68005229,0.6830065,0.67509172,awesomeapi,market_api
2025-11-16,CNY-BRL,CNY,BRL,0.68528072,0.68599334,0.68999997,0.68228602,awesomeapi,market_api
2025-11-17,CNY-BRL,CNY,BRL,0.68658565,0.68728513,0.69230174,0.68038817,awesomeapi,market_api
2025-11-18,CNY-BRL,CNY,BRL,0.68972352,0.69040155,0.69425647,0.68680923,awesomeapi,market_api
2025-11-19,CNY-BRL,CNY,BRL,0.68563974,0.68603742,0.69105826,0.68333049,awesomeapi,market_api
2025-11-20,CNY-BRL,CNY,BRL,0.68165793,0.68243404,0.68567723,0.67928864,awesomeapi,market_api
2025-11-21,CNY-BRL,CNY,BRL,0.68357541,0.68401415,0.68684571,0.67700059,awesomeapi,market_api
2025-11-22,CNY-BRL,CNY,BRL,0.68403376,0.68500693,0.687489,0.68245276,awesomeapi,market_api
2025-11-23,CNY-BRL,CNY,BRL,0.68633763,0.68729878,0.68821686,0.681986,awesomeapi,market_api
2025-11-24,CNY-BRL,CNY,BRL,0.68586941,0.68698596,0.68956535,0.68285482,awesomeapi,market_api
2025-11-25,CNY-BRL,CNY,BRL,0.6871587,0.68755112,0.68866923,0.68342041,awesomeapi,market_api
2025-11-26,CNY-BRL,CNY,BRL,0.6879968,0.68925241,0.69071611,0.68346122,awesomeapi,market_api
2025-11-27,CNY-BRL,CNY,BRL,0.69118066,0.69223572,0.69289937,0.68895174,awesomeapi,market_api
2025-11-28,CNY-BRL,CNY,BRL,0.69449041,0.69518276,0.69960237,0.69066218,awesomeapi,market_api
2025-11-29,CNY-BRL,CNY,BRL,0.68854606,0.68964862,0.6947022,0.68299157,awesomeapi,market_api
2025-11-30,CNY-BRL,CNY,BRL,0.68027664,0.68162928,0.68574258,0.67427834,awesomeapi,market_api
2025-12-01,CNY-BRL,CNY,BRL,0.68426278,0.68545925,0.68962886,0.67850511,awesomeapi,market_api
2025-12-02,CNY-BRL,CNY,BRL,0.68897222,0.69028266,0.6929694,0.68407617,awesomeapi,market_api
2025-12-03,CNY-BRL,CNY,BRL,0.68534586,0.6862179,0.69138259,0.68161012,awesomeapi,market_api
2025-12-04,CNY-BRL,CNY,BRL,0.67857526,0.67974892,0.68427179,0.67199642,awesomeapi,market_api
2025-12-05,CNY-BRL,CNY,BRL,0.67918238,0.67977556,0.68439643,0.67371132,awesomeapi,market_api
2025-12-06,CNY-BRL,CNY,BRL,0.68289724,0.68419776,0.68921761,0.67839817,awesomeapi,market_api
2025-12-07,CNY-BRL,CNY,BRL,0.6898879,0.69083217,0.69219098,0.68312721,awesomeapi,market_api
2025-12-08,CNY-BRL,CNY,BRL,0.6920884,0.69269918,0.69748523,0.68629814,awesomeapi,market_api
2025-12-09,CNY-BRL,CNY,BRL,0.69091569,0.69171841,0.69346486,0.68848942,awesomeapi,market_api
2025-12-10,CNY-BRL,CNY,BRL,0.68776358,0.68899107,0.69194935,0.68589211,awesomeapi,market_api
2025-12-11,CNY-BRL,CNY,BRL,0.68804762,0.68913166,0.69080075,0.68184751,awesomeapi,market_api
2025-12-12,CNY-BRL,CNY,BRL,0.68715594,0.6878186,0.68963119,0.68531514,awesomeapi,market_api
2025-12-13,CNY-BRL,CNY,BRL,0.68356014,0.68442641,0.68739211,0.67808448,awesomeapi,market_api
2025-12-14,CNY-BRL,CNY,BRL,0.69150185,0.69232951,0.69478685,0.68867136,awesomeapi,market_api
2025-12-15,CNY-BRL,CNY,BRL,0.69853333,0.69917404,0.70511546,0.69621376,awesomeapi,market_api
2025-12-16,CNY-BRL,CNY,BRL,0.70314244,0.70453626,0.7063877,0.70123895,awesomeapi,market_api
2025-12-17,CNY-BRL,CNY,BRL,0.69982735,0.70043833,0.70155405,0.69400462,awesomeapi,market_api
2025-12-18,CNY-BRL,CNY,BRL,0.70336331,0.70425575,0.70666622,0.69823129,awesomeapi,market_api
2025-12-19,CNY-BRL,CNY,BRL,0.70608388,0.70710485,0.71280507,0.69924186,awesomeapi,market_api
2025-12-20,CNY-BRL,CNY,BRL,0.70804961,0.70912658,0.71409815,0.7021449,awesomeapi,market_api
2025-12-21,CNY-BRL,CNY,BRL,0.71316397,0.71404612,0.71860945,0.71129115,awesomeapi,market_api
2025-12-22,CNY-BRL,CNY,BRL,0.71590576,0.71707772,0.72284622,0.71398727,awesomeapi,market_api
2025-12-23,CNY-BRL,CNY,BRL,0.71907012,0.72033149,0.72587528,0.71633081,awesomeapi,market_api
2025-12-24,CNY-BRL,CNY,BRL,0.72184068,0.72276985,0.72864249,0.71485196,awesomeapi,market_api
2025-12-25,CNY-BRL,CNY,BRL,0.72344631,0.72394681,0.72691309,0.71795886,awesomeapi,market_api
2025-12-26,CNY-BRL,CNY,BRL,0.71660261,0.71719906,0.71989767,0.71503588,awesomeapi,market_api
2025-12-27,CNY-BRL,CNY,BRL,0.717183,0.71770674,0.72184371,0.71200155,awesomeapi,market_api
2025-12-28,CNY-BRL,CNY,BRL,0.71524011,0.71629392,0.72112431,0.71143342,awesomeapi,market_api
2025-12-29,CNY-BRL,CNY,BRL,0.71045578,0.71110246,0.71196524,0.70786046,awesomeapi,market_api
2025-12-30,CNY-BRL,CNY,BRL,0.71727615,0.71797089,0.71973329,0.715726,awesomeapi,market_api
2025-12-31,CNY-BRL,CNY,BRL,0.72434811,0.72488136,0.72965671,0.7192511,awesomeapi,market_api
2026-01-01,CNY-BRL,CNY,BRL,0.73001665,0.73140626,0.7361381,0.72524085,awesomeapi,market_api
2026-01-02,CNY-BRL,CNY,BRL,0.73129686,0.73181341,0.73605949,0.72947392,awesomeapi,market_api
2026-01-03,CNY-BRL,CNY,BRL,0.73698521,0.73783004,0.7407601,0.7329889,awesomeapi,market_api
2026-01-04,CNY-BRL,CNY,BRL,0.73729201,0.73797013,0.74281186,0.73085726,awesomeapi,market_api
2026-01-05,CNY-BRL,CNY,BRL,0.73837243,0.73959279,0.74355729,0.73371569,awesomeapi,market_api
2026-01-06,CNY-BRL,CNY,BRL,0.73419022,0.73459155,0.73990477,0.72952087,awesomeapi,market_api
2026-01-07,CNY-BRL,CNY,BRL,0.73605026,0.7367172,0.73945282,0.72906893,awesomeapi,market_api
2026-01-08,CNY-BRL,CNY,BRL,0.73655233,0.73761042,0.74082971,0.7314205,awesomeapi,market_api
2026-01-09,CNY-BRL,CNY,BRL,0.73153303,0.7323528,0.73574773,0.728371,awesomeapi,market_api
2026-01-10,CNY-BRL,CNY,BRL,0.73158308,0.73243156,0.73705879,0.72988615,awesomeapi,market_api
2026-01-11,CNY-BRL,CNY,BRL,0.73151833,0.73275645,0.7346374,0.72606085,awesomeapi,market_api
2026-01-12,CNY-BRL,CNY,BRL,0.73900658,0.74008855,0.74434296,0.73393327,awesomeapi,market_api
2026-01-13,CNY-BRL,CNY,BRL,0.74289979,0.74434002,0.74740678,0.73706168,awesomeapi,market_api
2026-01-14,CNY-BRL,CNY,BRL,0.74320657,0.74436462,0.74609775,0.74003572,awesomeapi,market_api
2026-01-15,CNY-BRL,CNY,BRL,0.74448365,0.7453294,0.74762655,0.74081041,awesomeapi,market_api
2026-01-16,CNY-BRL,CNY,BRL,0.74492525,0.74573457,0.75001377,0.74212499,awesomeapi,market_api
2026-01-17,CNY-BRL,CNY,BRL,0.74435462,0.74562481,0.74844879,0.73866034,awesomeapi,market_api
2026-01-18,CNY-BRL,CNY,BRL,0.74018374,0.74064425,0.74444699,0.73853627,awesomeapi,market_api
2026-01-19,CNY-BRL,CNY,BRL,0.73982787,0.74094787,0.74334182,0.73272994,awesomeapi,market_api
2026-01-20,CNY-BRL,CNY,BRL,0.7370509,0.73777777,0.74184943,0.73405913,awesomeapi,market_api
2026-01-21,CNY-BRL,CNY,BRL,0.73224036,0.73328759,0.73644074,0.72860477,awesomeapi,market_api
2026-01-22,CNY-BRL,CNY,BRL,0.7345555,0.73514721,0.73667996,0.73238192,awesomeapi,market_api
2026-01-23,CNY-BRL,CNY,BRL,0.73639332,0.73786505,0.74029509,0.73490917,awesomeapi,market_api
2026-01-24,CNY-BRL,CNY,BRL,0.7294146,0.73082193,0.73099002,0.72551319,awesomeapi,market_api
2026-01-25,CNY-BRL,CNY,BRL,0.72917772,0.73032706,0.73597131,0.72356079,awesomeapi,market_api
2026-01-26,CNY-BRL,CNY,BRL,0.73342617,0.73430293,0.74061047,0.73172861,awesomeapi,market_api
2026-01-27,CNY-BRL,CNY,BRL,0.73795561,0.73941701,0.74444603,0.73099562,awesomeapi,market_api
2026-01-28,CNY-BRL,CNY,BRL,0.74237751,0.74303241,0.74470833,0.73695332,awesomeapi,market_api
2026-01-29,CNY-BRL,CNY,BRL,0.74279623,0.7437424,0.74739068,0.73581621,awesomeapi,market_api
2026-01-30,CNY-BRL,CNY,BRL,0.73960388,0.7406616,0.7429236,0.73575755,awesomeapi,market_api
2026-01-31,CNY-BRL,CNY,BRL,0.73545445,0.73596945,0.73805686,0.73314012,awesomeapi,market_api
2026-02-01,CNY-BRL,CNY,BRL,0.73710578,0.73837024,0.74273653,0.73250421,awesomeapi,market_api
2026-02-02,CNY-BRL,CNY,BRL,0.7389014,0.73968579,0.74433082,0.73261835,awesomeapi,market_api
2026-02-03,CNY-BRL,CNY,BRL,0.74439168,0.74574785,0.74913802,0.73802037,awesomeapi,market_api
2026-02-04,CNY-BRL,CNY,BRL,0.7491557,0.75010485,0.75349799,0.74247064,awesomeapi,market_api
2026-02-05,CNY-BRL,CNY,BRL,0.74887308,0.74968153,0.75274273,0.74554861,awesomeapi,market_api
2026-02-06,CNY-BRL,CNY,BRL,0.74401054,0.74496143,0.74874156,0.7385914,awesomeapi,market_api
2026-02-07,CNY-BRL,CNY,BRL,0.74296515,0.7438164,0.74574584,0.73632695,awesomeapi,market_api
2026-02-08,CNY-BRL,CNY,BRL,0.74411286,0.74487111,0.75109528,0.74139028,awesomeapi,market_api
2026-02-09,CNY-BRL,CNY,BRL,0.74354625,0.74454266,0.74822532,0.73713005,awesomeapi,market_api
2026-02-10,CNY-BRL,CNY,BRL,0.74144319,0.74196833,0.74832341,0.73680811,awesomeapi,market_api
2026-02-11,CNY-BRL,CNY,BRL,0.74273394,0.74375829,0.74725075,0.74103442,awesomeapi,market_api
2026-02-12,CNY-BRL,CNY,BRL,0.74093521,0.74185815,0.74397927,0.73742206,awesomeapi,market_api
2026-02-13,CNY-BRL,CNY,BRL,0.73863508,0.73972357,0.74305328,0.73660698,awesomeapi,market_api
2026-02-14,CNY-BRL,CNY,BRL,0.74015888,0.74061005,0.74273852,0.73754828,awesomeapi,market_api
2026-02-15,CNY-BRL,CNY,BRL,0.73878147,0.73982496,0.74130996,0.73209272,awesomeapi,market_api
2026-02-16,CNY-BRL,CNY,BRL,0.74003191,0.74063477,0.7420515,0.73336721,awesomeapi,market_api
2026-02-17,CNY-BRL,CNY,BRL,0.74140291,0.74210205,0.745409,0.73423191,awesomeapi,market_api
2026-02-18,CNY-BRL,CNY,BRL,0.73701614,0.73842867,0.74270541,0.73513563,awesomeapi,market_api
2026-02-19,CNY-BRL,CNY,BRL,0.73532334,0.73634545,0.74261232,0.72828237,awesomeapi,market_api
2026-02-20,CNY-BRL,CNY,BRL,0.74139547,0.74188405,0.74522681,0.73804118,awesomeapi,market_api
2026-02-21,CNY-BRL,CNY,BRL,0.73691638,0.73742823,0.74248628,0.73382812,awesomeapi,market_api
2026-02-22,CNY-BRL,CNY,BRL,0.72859541,0.72933661,0.73057928,0.72423569,awesomeapi,market_api
2026-02-23,CNY-BRL,CNY,BRL,0.7213895,0.72192134,0.72532592,0.71911947,awesomeapi,market_api
2026-02-24,CNY-BRL,CNY,BRL,0.72175748,0.72315103,0.72403813,0.71730056,awesomeapi,market_api
2026-02-25,CNY-BRL,CNY,BRL,0.72213283,0.72270726,0.72401824,0.71951981,awesomeapi,market_api
2026-02-26,CNY-BRL,CNY,BRL,0.72191845,0.72233873,0.72416736,0.71762458,awesomeapi,market_api
2026-02-27,CNY-BRL,CNY,BRL,0.72699213,0.72806642,0.72895408,0.72297321,awesomeapi,market_api
2026-02-28,CNY-BRL,CNY,BRL,0.71655936,0.71754239,0.71933518,0.71299331,awesomeapi,market_api
2026-03-01,CNY-BRL,CNY,BRL,0.71837057,0.71880716,0.72107239,0.71425141,awesomeapi,market_api
2026-03-02,CNY-BRL,CNY,BRL,0.7247913,0.72623049,0.73201755,0.71766154,awesomeapi,market_api
2026-03-03,CNY-BRL,CNY,BRL,0.72054924,0.7213668,0.72245541,0.71724294,awesomeapi,market_api
2026-03-04,CNY-BRL,CNY,BRL,0.71929625,0.71991238,0.72081614,0.71730965,awesomeapi,market_api
2026-03-05,CNY-BRL,CNY,BRL,0.71656947,0.71741487,0.71994974,0.71410244,awesomeapi,market_api
2026-03-06,CNY-BRL,CNY,BRL,0.71329553,0.71441837,0.71675996,0.70700787,awesomeapi,market_api
2026-03-07,CNY-BRL,CNY,BRL,0.71226522,0.71287881,0.71675758,0.70979144,awesomeapi,market_api
2026-03-08,CNY-BRL,CNY,BRL,0.71810663,0.7189992,0.72041874,0.71574217,awesomeapi,market_api
2026-03-09,CNY-BRL,CNY,BRL,0.72561488,0.72664405,0.72859737,0.72316307,awesomeapi,market_api
2026-03-10,CNY-BRL,CNY,BRL,0.72452815,0.72590088,0.72622647,0.71980337,awesomeapi,market_api
2026-03-11,CNY-BRL,CNY,BRL,0.73237322,0.73334171,0.73530628,0.72825569,awesomeapi,market_api
2026-03-12,CNY-BRL,CNY,BRL,0.73277286,0.73323568,0.73846662,0.73000768,awesomeapi,market_api
2026-03-13,CNY-BRL,CNY,BRL,0.74009714,0.74068188,0.74344166,0.73327422,awesomeapi,market_api
2026-03-14,CNY-BRL,CNY,BRL,0.7399764,0.74123044,0.74706178,0.73463695,awesomeapi,market_api
2026-03-15,CNY-BRL,CNY,BRL,0.74076878,0.74187577,0.74509505,0.73392297,awesomeapi,market_api
2026-03-16,CNY-BRL,CNY,BRL,0.74251708,0.74345734,0.74611122,0.73722813,awesomeapi,market_api
2026-03-17,CNY-BRL,CNY,BRL,0.7557589,0.7567559,0.75802025,0.75187294,awesomeapi,market_api
2026-03-18,CNY-BRL,CNY,BRL,0.75956193,0.7602987,0.76622684,0.75574077,awesomeapi,market_api
2026-03-19,CNY-BRL,CNY,BRL,0.75687312,0.75818427,0.76106552,0.75079694,awesomeapi,market_api
2026-03-20,CNY-BRL,CNY,BRL,0.76117177,0.76170681,0.76832465,0.75672312,awesomeapi,market_api
2026-03-21,CNY-BRL,CNY,BRL,0.75992339,0.76059949,0.76291134,0.75679203,awesomeapi,market_api
2026-03-22,CNY-BRL,CNY,BRL,0.75814241,0.75893852,0.76401055,0.75086665,awesomeapi,market_api
2026-03-23,CNY-BRL,CNY,BRL,0.76219643,0.76334244,0.76705721,0.75793668,awesomeapi,market_api
2026-03-24,CNY-BRL,CNY,BRL,0.76259351,0.76392217,0.76930224,0.75928058,awesomeapi,market_api
2026-03-25,CNY-BRL,CNY,BRL,0.76402884,0.76550352,0.76797194,0.75761052,awesomeapi,market_api
2026-03-26,CNY-BRL,CNY,BRL,0.76435502,0.76584569,0.77018649,0.76183845,awesomeapi,market_api
2026-03-27,CNY-BRL,CNY,BRL,0.76603752,0.76709405,0.7682975,0.75966935,awesomeapi,market_api
2026-03-28,CNY-BRL,CNY,BRL,0.76809611,0.76880427,0.77390423,0.76096762,awesomeapi,market_api
2026-03-29,CNY-BRL,CNY,BRL,0.76018217,0.76076866,0.76409168,0.75472638,awesomeapi,market_api
2026-03-30,CNY-BRL,CNY,BRL,0.76323517,0.76409724,0.76582907,0.76153119,awesomeapi,market_api
2026-03-31,CNY-BRL,CNY,BRL,0.75937999,0.76022282,0.76484272,0.75437425,awesomeapi,market_api
2026-04-01,CNY-BRL,CNY,BRL,0.75362188,0.75417531,0.75784634,0.74988711,awesomeapi,market_api
2026-04-02,CNY-BRL,CNY,BRL,0.75364354,0.75433034,0.75954771,0.75026931,awesomeapi,market_api
2026-04-03,CNY-BRL,CNY,BRL,0.75425542,0.75524365,0.7613347,0.74949289,awesomeapi,market_api
2026-04-04,CNY-BRL,CNY,BRL,0.75164246,0.75271396,0.75358619,0.74906803,awesomeapi,market_api
2026-04-05,CNY-BRL,CNY,BRL,0.75534105,0.7558331,0.76147329,0.74877913,awesomeapi,market_api
2026-04-06,CNY-BRL,CNY,BRL,0.75002952,0.75061431,0.75284526,0.74659014,awesomeapi,market_api
2026-04-07,CNY-BRL,CNY,BRL,0.74861332,0.74965136,0.75383443,0.74300319,awesomeapi,market_api
2026-04-08,CNY-BRL,CNY,BRL,0.74646719,0.74785397,0.74972203,0.74104032,awesomeapi,market_api
2026-04-09,CNY-BRL,CNY,BRL,0.74653719,0.74753724,0.74985681,0.73962476,awesomeapi,market_api
2026-04-10,CNY-BRL,CNY,BRL,0.74794348,0.74842458,0.75369966,0.74209233,awesomeapi,market_api
2026-04-11,CNY-BRL,CNY,BRL,0.7440591,0.74545272,0.74863406,0.74065654,awesomeapi,market_api
2026-04-12,CNY-BRL,CNY,BRL,0.74728352,0.748585,0.7533862,0.74279794,awesomeapi,market_api
2026-04-13,CNY-BRL,CNY,BRL,0.74780402,0.74903923,0.75090217,0.74278173,awesomeapi,market_api
2026-04-14,CNY-BRL,CNY,BRL,0.74028432,0.74161518,0.74364808,0.73594004,awesomeapi,market_api
2026-04-15,CNY-BRL,CNY,BRL,0.73256889,0.73398023,0.73871199,0.72590521,awesomeapi,market_api
2026-04-16,CNY-BRL,CNY,BRL,0.73277565,0.73356549,0.74008292,0.73041573,awesomeapi,market_api
2026-04-17,CNY-BRL,CNY,BRL,0.73214157,0.73307736,0.73641302,0.72600076,awesomeapi,market_api
2026-04-18,CNY-BRL,CNY,BRL,0.73198137,0.73334499,0.73772677,0.72684686,awesomeapi,market_api
2026-04-19,CNY-BRL,CNY,BRL,0.73212491,0.73296037,0.73657813,0.72767768,awesomeapi,market_api
2026-04-20,CNY-BRL,CNY,BRL,0.73328941,0.73367846,0.73770701,0.72680143,awesomeapi,market_api
2026-04-21,CNY-BRL,CNY,BRL,0.73736802,0.7385212,0.74353659,0.73358983,awesomeapi,market_api
2026-04-22,CNY-BRL,CNY,BRL,0.73311998,0.73406824,0.7347826,0.72940748,awesomeapi,market_api
2026-04-23,CNY-BRL,CNY,BRL,0.728651,0.72953385,0.73159597,0.72701159,awesomeapi,market_api
2026-04-24,CNY-BRL,CNY,BRL,0.72452444,0.72563703,0.72849535,0.72066604,awesomeapi,market_api
2026-04-25,CNY-BRL,CNY,BRL,0.72592933,0.7265645,0.7305046,0.72193366,awesomeapi,market_api
2026-04-26,CNY-BRL,CNY,BRL,0.73115399,0.7320394,0.73601395,0.72965469,awesomeapi,market_api
2026-04-27,CNY-BRL,CNY,BRL,0.72967533,0.73103365,0.73154965,0.72558375,awesomeapi,market_api
2026-04-28,CNY-BRL,CNY,BRL,0.71989086,0.72047473,0.72434717,0.7168372,awesomeapi,market_api
2026-04-29,CNY-BRL,CNY,BRL,0.71339603,0.71467302,0.71708492,0.70832375,awesomeapi,market_api
2026-04-30,CNY-BRL,CNY,BRL,0.71037715,0.71099754,0.71190819,0.70665958,awesomeapi,market_api
2026-05-01,CNY-BRL,CNY,BRL,0.7084467,0.70937103,0.71246811,0.70157752,awesomeapi,market_api
2026-05-02,CNY-BRL,CNY,BRL,0.70710338,0.70820665,0.71414992,0.70402007,awesomeapi,market_api
2026-05-03,CNY-BRL,CNY,BRL,0.70750092,0.70869205,0.71206038,0.70262335,awesomeapi,market_api
2026-05-04,CNY-BRL,CNY,BRL,0.70653546,0.70793353,0.71164505,0.70004202,awesomeapi,market_api
2025-11-06,GBP-BRL,GBP,BRL,6.45,6.46024663,6.46947312,6.40100974,awesomeapi,market_api
2025-11-07,GBP-BRL,GBP,BRL,6.5039868,6.51196377,6.56480158,6.44899771,awesomeapi,market_api
2025-11-08,GBP-BRL,GBP,BRL,6.47426274,6.47851116,6.49414731,6.45770877,awesomeapi,market_api
2025-11-09,GBP-BRL,GBP,BRL,6.43562832,6.44360765,6.45265812,6.38549847,awesomeapi,market_api
2025-11-10,GBP-BRL,GBP,BRL,6.46196012,6.47054508,6.51809569,6.43457197,awesomeapi,market_api
2025-11-11,GBP-BRL,GBP,BRL,6.39076667,6.39893862,6.40955449,6.33275845,awesomeapi,market_api
2025-11-12,GBP-BRL,GBP,BRL,6.41264027,6.41752996,6.43071685,6.38929566,awesomeapi,market_api
2025-11-13,GBP-BRL,GBP,BRL,6.42077887,6.43175421,6.43905572,6.37637648,awesomeapi,market_api
2025-11-14,GBP-BRL,GBP,BRL,6.41688904,6.42727973,6.46827965,6.39429846,awesomeapi,market_api
2025-11-15,GBP-BRL,GBP,BRL,6.49653592,6.5003847,6.53285449,6.47301922,awesomeapi,market_api
2025-11-16,GBP-BRL,GBP,BRL,6.46946774,6.47948834,6.50086758,6.43327216,awesomeapi,market_api
2025-11-17,GBP-BRL,GBP,BRL,6.57267022,6.5770754,6.61565812,6.54976976,awesomeapi,market_api
2025-11-18,GBP-BRL,GBP,BRL,6.5648439,6.57481248,6.58171129,6.50046145,awesomeapi,market_api
2025-11-19,GBP-BRL,GBP,BRL,6.50525072,6.51518288,6.5277188,6.49150671,awesomeapi,market_api
2025-11-20,GBP-BRL,GBP,BRL,6.51191468,6.51843763,6.53289937,6.48751264,awesomeapi,market_api
2025-11-21,GBP-BRL,GBP,BRL,6.46260751,6.47429918,6.50671893,6.44055928,awesomeapi,market_api
2025-11-22,GBP-BRL,GBP,BRL,6.42940154,6.43798472,6.45541648,6.36633164,awesomeapi,market_api
2025-11-23,GBP-BRL,GBP,BRL,6.45176139,6.45530429,6.50246287,6.39896033,awesomeapi,market_api
2025-11-24,GBP-BRL,GBP,BRL,6.4818709,6.48576484,6.50374692,6.44897895,awesomeapi,market_api
2025-11-25,GBP-BRL,GBP,BRL,6.45486575,6.46649892,6.49550558,6.40811668,awesomeapi,market_api
2025-11-26,GBP-BRL,GBP,BRL,6.50589494,6.51678919,6.56200817,6.46809389,awesomeapi,market_api
2025-11-27,GBP-BRL,GBP,BRL,6.56562757,6.5739212,6.6164721,6.53866425,awesomeapi,market_api
2025-11-28,GBP-BRL,GBP,BRL,6.63963705,6.65146712,6.65402046,6.61595896,awesomeapi,market_api
2025-11-29,GBP-BRL,GBP,BRL,6.66932022,6.68066006,6.70081318,6.64798731,awesomeapi,market_api
2025-11-30,GBP-BRL,GBP,BRL,6.74085345,6.7461122,6.78295716,6.68173985,awesomeapi,market_api
2025-12-01,GBP-BRL,GBP,BRL,6.64913747,6.65316669,6.66405712,6.61109546,awesomeapi,market_api
2025-12-02,GBP-BRL,GBP,BRL,6.63660851,6.64944558,6.66469516,6.57241018,awesomeapi,market_api
2025-12-03,GBP-BRL,GBP,BRL,6.596772,6.60885414,6.62490777,6.5404647,awesomeapi,market_api
2025-12-04,GBP-BRL,GBP,BRL,6.60596918,6.6160684,6.64622979,6.57040708,awesomeapi,market_api
2025-12-05,GBP-BRL,GBP,BRL,6.58095985,6.59230052,6.63587556,6.52794699,awesomeapi,market_api
2025-12-06,GBP-BRL,GBP,BRL,6.57604924,6.58918414,6.61437511,6.52044622,awesomeapi,market_api
2025-12-07,GBP-BRL,GBP,BRL,6.67216683,6.68413481,6.69680594,6.6565771,awesomeapi,market_api
2025-12-08,GBP-BRL,GBP,BRL,6.66700992,6.67439112,6.72603892,6.63825627,awesomeapi,market_api
2025-12-09,GBP-BRL,GBP,BRL,6.69103411,6.70140531,6.70480951,6.65862999,awesomeapi,market_api
2025-12-10,GBP-BRL,GBP,BRL,6.68272371,6.69223506,6.70302621,6.62142405,awesomeapi,market_api
2025-12-11,GBP-BRL,GBP,BRL,6.68985985,6.69477296,6.7519307,6.66489922,awesomeapi,market_api
2025-12-12,GBP-BRL,GBP,BRL,6.69350666,6.70683623,6.73927679,6.67560315,awesomeapi,market_api
2025-12-13,GBP-BRL,GBP,BRL,6.71935987,6.72337748,6.73682599,6.67421154,awesomeapi,market_api
2025-12-14,GBP-BRL,GBP,BRL,6.78144545,6.79307135,6.8168697,6.74374953,awesomeapi,market_api
2025-12-15,GBP-BRL,GBP,BRL,6.86862402,6.87812973,6.91165131,6.81707847,awesomeapi,market_api
2025-12-16,GBP-BRL,GBP,BRL,6.88800831,6.89632681,6.94112095,6.81927642,awesomeapi,market_api
2025-12-17,GBP-BRL,GBP,BRL,6.92190834,6.92900639,6.9364286,6.90110801,awesomeapi,market_api
2025-12-18,GBP-BRL,GBP,BRL,6.86562296,6.8747561,6.89826256,6.80026318,awesomeapi,market_api
2025-12-19,GBP-BRL,GBP,BRL,6.86453081,6.87442376,6.90683582,6.80697641,awesomeapi,market_api
2025-12-20,GBP-BRL,GBP,BRL,6.91637292,6.92251386,6.9755626,6.9023708,awesomeapi,market_api
2025-12-21,GBP-BRL,GBP,BRL,6.96475132,6.97470754,7.03076363,6.90692383,awesomeapi,market_api
2025-12-22,GBP-BRL,GBP,BRL,6.97928726,6.99171354,7.01540952,6.91930788,awesomeapi,market_api
2025-12-23,GBP-BRL,GBP,BRL,7.02917489,7.03849732,7.07801586,7.01180353,awesomeapi,market_api
2025-12-24,GBP-BRL,GBP,BRL,7.05856212,7.0642254,7.10379137,7.04112459,awesomeapi,market_api
2025-12-25,GBP-BRL,GBP,BRL,7.12563467,7.13712241,7.18777345,7.05891807,awesomeapi,market_api
2025-12-26,GBP-BRL,GBP,BRL,7.14466149,7.14932448,7.21266268,7.1265072,awesomeapi,market_api
2025-12-27,GBP-BRL,GBP,BRL,7.12917374,7.13780778,7.19135446,7.11090531,awesomeapi,market_api
2025-12-28,GBP-BRL,GBP,BRL,7.15069536,7.15446626,7.1664239,7.10714647,awesomeapi,market_api
2025-12-29,GBP-BRL,GBP,BRL,6.9971023,7.00911909,7.01822945,6.97613281,awesomeapi,market_api
2025-12-30,GBP-BRL,GBP,BRL,7.02069403,7.03019177,7.04789476,6.96563979,awesomeapi,market_api
2025-12-31,GBP-BRL,GBP,BRL,6.83209645,6.8452445,6.88762956,6.77048869,awesomeapi,market_api
2026-01-01,GBP-BRL,GBP,BRL,6.74720099,6.75583322,6.805622,6.72383391,awesomeapi,market_api
2026-01-02,GBP-BRL,GBP,BRL,6.77343589,6.77751704,6.82252722,6.75707385,awesomeapi,market_api
2026-01-03,GBP-BRL,GBP,BRL,6.80108147,6.81358677,6.85231016,6.73567135,awesomeapi,market_api
2026-01-04,GBP-BRL,GBP,BRL,6.74518871,6.75173714,6.78491293,6.6916756,awesomeapi,market_api
2026-01-05,GBP-BRL,GBP,BRL,6.71253684,6.7183376,6.75505935,6.66369818,awesomeapi,market_api
2026-01-06,GBP-BRL,GBP,BRL,6.78489166,6.79824577,6.83888329,6.76490983,awesomeapi,market_api
2026-01-07,GBP-BRL,GBP,BRL,6.76365341,6.77185773,6.80903865,6.74219244,awesomeapi,market_api
2026-01-08,GBP-BRL,GBP,BRL,6.88081276,6.88871158,6.91020791,6.86051009,awesomeapi,market_api
2026-01-09,GBP-BRL,GBP,BRL,6.88415409,6.89288363,6.90704434,6.83786298,awesomeapi,market_api
2026-01-10,GBP-BRL,GBP,BRL,6.90866354,6.91387644,6.96247346,6.88405535,awesomeapi,market_api
2026-01-11,GBP-BRL,GBP,BRL,6.99589618,7.00879961,7.01135484,6.95268968,awesomeapi,market_api
2026-01-12,GBP-BRL,GBP,BRL,7.00626902,7.01313627,7.03289714,6.96582308,awesomeapi,market_api
2026-01-13,GBP-BRL,GBP,BRL,6.95710197,6.96936755,7.02195759,6.92630991,awesomeapi,market_api
2026-01-14,GBP-BRL,GBP,BRL,6.95485513,6.95994167,7.00883262,6.90856369,awesomeapi,market_api
2026-01-15,GBP-BRL,GBP,BRL,6.95647506,6.96205084,7.01269984,6.91368269,awesomeapi,market_api
2026-01-16,GBP-BRL,GBP,BRL,6.88874986,6.89894585,6.92233053,6.85077369,awesomeapi,market_api
2026-01-17,GBP-BRL,GBP,BRL,6.87897651,6.88427685,6.9343669,6.85657794,awesomeapi,market_api
2026-01-18,GBP-BRL,GBP,BRL,6.84412458,6.85553685,6.90150615,6.78955769,awesomeapi,market_api
2026-01-19,GBP-BRL,GBP,BRL,6.89499479,6.89864317,6.9238508,6.85537131,awesomeapi,market_api
2026-01-20,GBP-BRL,GBP,BRL,6.90023216,6.90984636,6.96477539,6.86569754,awesomeapi,market_api
2026-01-21,GBP-BRL,GBP,BRL,6.8890471,6.90153374,6.91183217,6.85480685,awesomeapi,market_api
2026-01-22,GBP-BRL,GBP,BRL,6.88700543,6.89098903,6.94168766,6.86493105,awesomeapi,market_api
2026-01-23,GBP-BRL,GBP,BRL,6.90197375,6.90808566,6.95858282,6.858645,awesomeapi,market_api
2026-01-24,GBP-BRL,GBP,BRL,6.937354,6.94096808,6.95135276,6.89513823,awesomeapi,market_api
2026-01-25,GBP-BRL,GBP,BRL,6.8888075,6.89540307,6.91252216,6.84121444,awesomeapi,market_api
2026-01-26,GBP-BRL,GBP,BRL,6.83843718,6.84419962,6.88451222,6.80401161,awesomeapi,market_api
2026-01-27,GBP-BRL,GBP,BRL,6.89851349,6.90389516,6.91993226,6.87164458,awesomeapi,market_api
2026-01-28,GBP-BRL,GBP,BRL,6.88062891,6.88437712,6.91135103,6.81721953,awesomeapi,market_api
2026-01-29,GBP-BRL,GBP,BRL,6.81095349,6.82285252,6.844845,6.76595578,awesomeapi,market_api
2026-01-30,GBP-BRL,GBP,BRL,6.83702988,6.84626698,6.89603276,6.81043164,awesomeapi,market_api
2026-01-31,GBP-BRL,GBP,BRL,6.86420894,6.87069274,6.89450951,6.8482362,awesomeapi,market_api
2026-02-01,GBP-BRL,GBP,BRL,6.78883743,6.79543639,6.85009521,6.72572906,awesomeapi,market_api
2026-02-02,GBP-BRL,GBP,BRL,6.8039162,6.80843708,6.84245677,6.76955104,awesomeapi,market_api
2026-02-03,GBP-BRL,GBP,BRL,6.8448545,6.85330132,6.88892,6.83005545,awesomeapi,market_api
2026-02-04,GBP-BRL,GBP,BRL,6.86749658,6.87960648,6.93472465,6.81786355,awesomeapi,market_api
2026-02-05,GBP-BRL,GBP,BRL,6.90348131,6.91377218,6.94644747,6.87121315,awesomeapi,market_api
2026-02-06,GBP-BRL,GBP,BRL,6.83422546,6.8391698,6.87982688,6.81809989,awesomeapi,market_api
2026-02-07,GBP-BRL,GBP,BRL,6.8546106,6.86651537,6.8914013,6.81815755,awesomeapi,market_api
2026-02-08,GBP-BRL,GBP,BRL,6.84248035,6.84925958,6.90922759,6.81922046,awesomeapi,market_api
2026-02-09,GBP-BRL,GBP,BRL,6.82112547,6.82608417,6.84380061,6.77154803,awesomeapi,market_api
2026-02-10,GBP-BRL,GBP,BRL,6.8690723,6.88272694,6.89575041,6.80556815,awesomeapi,market_api
2026-02-11,GBP-BRL,GBP,BRL,6.94871617,6.95509456,6.99863018,6.93256741,awesomeapi,market_api
2026-02-12,GBP-BRL,GBP,BRL,7.04570478,7.05446598,7.09669145,7.00138337,awesomeapi,market_api
2026-02-13,GBP-BRL,GBP,BRL,7.11870575,7.12480472,7.18012577,7.04921941,awesomeapi,market_api
2026-02-14,GBP-BRL,GBP,BRL,7.11640636,7.1248663,7.16684285,7.05717433,awesomeapi,market_api
2026-02-15,GBP-BRL,GBP,BRL,7.13879031,7.14494562,7.20243693,7.10851037,awesomeapi,market_api
2026-02-16,GBP-BRL,GBP,BRL,7.18341612,7.1953675,7.20422499,7.15247647,awesomeapi,market_api
2026-02-17,GBP-BRL,GBP,BRL,7.19353636,7.20289105,7.2381318,7.13020843,awesomeapi,market_api
2026-02-18,GBP-BRL,GBP,BRL,7.20418806,7.21855458,7.22477537,7.17413863,awesomeapi,market_api
2026-02-19,GBP-BRL,GBP,BRL,7.2522987,7.25981496,7.29458937,7.20913825,awesomeapi,market_api
2026-02-20,GBP-BRL,GBP,BRL,7.25270033,7.26564127,7.31191481,7.23710113,awesomeapi,market_api
2026-02-21,GBP-BRL,GBP,BRL,7.21665693,7.22519086,7.26677366,7.17564348,awesomeapi,market_api
2026-02-22,GBP-BRL,GBP,BRL,7.19783194,7.2028414,7.23511521,7.15973204,awesomeapi,market_api
2026-02-23,GBP-BRL,GBP,BRL,7.2356517,7.2413069,7.29390201,7.20257605,awesomeapi,market_api
2026-02-24,GBP-BRL,GBP,BRL,7.23943197,7.24944758,7.28377958,7.17413652,awesomeapi,market_api
2026-02-25,GBP-BRL,GBP,BRL,7.26152364,7.26648342,7.28268447,7.22955436,awesomeapi,market_api
2026-02-26,GBP-BRL,GBP,BRL,7.30164787,7.31002156,7.33368997,7.24246439,awesomeapi,market_api
2026-02-27,GBP-BRL,GBP,BRL,7.28477149,7.29109394,7.30428155,7.24608645,awesomeapi,market_api
2026-02-28,GBP-BRL,GBP,BRL,7.32973209,7.34189995,7.39426668,7.27207086,awesomeapi,market_api
2026-03-01,GBP-BRL,GBP,BRL,7.35422307,7.36405441,7.41153845,7.2994259,awesomeapi,market_api
2026-03-02,GBP-BRL,GBP,BRL,7.289792,7.29599962,7.33649092,7.23027176,awesomeapi,market_api
2026-03-03,GBP-BRL,GBP,BRL,7.37229266,7.37948566,7.42560749,7.32915116,awesomeapi,market_api
2026-03-04,GBP-BRL,GBP,BRL,7.34829153,7.35751171,7.36828212,7.29443048,awesomeapi,market_api
2026-03-05,GBP-BRL,GBP,BRL,7.26074975,7.27380843,7.28348643,7.22496264,awesomeapi,market_api
2026-03-06,GBP-BRL,GBP,BRL,7.20747162,7.21160151,7.22359513,7.13599319,awesomeapi,market_api
2026-03-07,GBP-BRL,GBP,BRL,7.1558817,7.16475648,7.19054588,7.12583403,awesomeapi,market_api
2026-03-08,GBP-BRL,GBP,BRL,7.16225974,7.17636952,7.19103774,7.10635352,awesomeapi,market_api
2026-03-09,GBP-BRL,GBP,BRL,7.15113045,7.1577498,7.16946535,7.09773859,awesomeapi,market_api
2026-03-10,GBP-BRL,GBP,BRL,7.13664055,7.14022633,7.18949442,7.10807248,awesomeapi,market_api
2026-03-11,GBP-BRL,GBP,BRL,7.17337829,7.18499312,7.23189872,7.11747718,awesomeapi,market_api
2026-03-12,GBP-BRL,GBP,BRL,7.19525039,7.19911226,7.25014938,7.12386513,awesomeapi,market_api
2026-03-13,GBP-BRL,GBP,BRL,7.21590334,7.22213744,7.24616618,7.15450891,awesomeapi,market_api
2026-03-14,GBP-BRL,GBP,BRL,7.24169092,7.24705408,7.29444424,7.18346619,awesomeapi,market_api
2026-03-15,GBP-BRL,GBP,BRL,7.27877569,7.2828208,7.32557892,7.23068468,awesomeapi,market_api
2026-03-16,GBP-BRL,GBP,BRL,7.16734018,7.17418617,7.23192334,7.14367364,awesomeapi,market_api
2026-03-17,GBP-BRL,GBP,BRL,7.15133345,7.15881583,7.21418902,7.12612399,awesomeapi,market_api
2026-03-18,GBP-BRL,GBP,BRL,7.03797355,7.05016375,7.05650139,6.99635215,awesomeapi,market_api
2026-03-19,GBP-BRL,GBP,BRL,7.04339595,7.04771353,7.09568069,6.98476101,awesomeapi,market_api
2026-03-20,GBP-BRL,GBP,BRL,7.04667291,7.05917926,7.11608333,6.99469577,awesomeapi,market_api
2026-03-21,GBP-BRL,GBP,BRL,7.10545268,7.1172022,7.14841271,7.0393585,awesomeapi,market_api
2026-03-22,GBP-BRL,GBP,BRL,7.1722955,7.18280749,7.23733683,7.14444106,awesomeapi,market_api
2026-03-23,GBP-BRL,GBP,BRL,7.18678937,7.19573769,7.24312339,7.16076044,awesomeapi,market_api
2026-03-24,GBP-BRL,GBP,BRL,7.16341284,7.16926542,7.23378866,7.12417967,awesomeapi,market_api
2026-03-25,GBP-BRL,GBP,BRL,7.19306012,7.19861836,7.22652016,7.15580719,awesomeapi,market_api
2026-03-26,GBP-BRL,GBP,BRL,7.16817657,7.17846024,7.23544358,7.09726381,awesomeapi,market_api
2026-03-27,GBP-BRL,GBP,BRL,7.17168579,7.1822823,7.22618615,7.13887796,awesomeapi,market_api
2026-03-28,GBP-BRL,GBP,BRL,7.22831358,7.24122146,7.25536473,7.20770533,awesomeapi,market_api
2026-03-29,GBP-BRL,GBP,BRL,7.20168964,7.21580412,7.26587909,7.1697922,awesomeapi,market_api
2026-03-30,GBP-BRL,GBP,BRL,7.24880735,7.25977302,7.29038757,7.21557138,awesomeapi,market_api
2026-03-31,GBP-BRL,GBP,BRL,7.28925939,7.29603958,7.31177022,7.24264789,awesomeapi,market_api
2026-04-01,GBP-BRL,GBP,BRL,7.24070608,7.24917695,7.28485622,7.21374996,awesomeapi,market_api
2026-04-02,GBP-BRL,GBP,BRL,7.29721404,7.31113651,7.34908796,7.23010298,awesomeapi,market_api
2026-04-03,GBP-BRL,GBP,BRL,7.33909456,7.34396703,7.39034205,7.27454213,awesomeapi,market_api
2026-04-04,GBP-BRL,GBP,BRL,7.34837443,7.35569622,7.37454306,7.31809788,awesomeapi,market_api
2026-04-05,GBP-BRL,GBP,BRL,7.31003483,7.31668258,7.35080722,7.27635232,awesomeapi,market_api
2026-04-06,GBP-BRL,GBP,BRL,7.26658366,7.2731738,7.31881658,7.24896758,awesomeapi,market_api
2026-04-07,GBP-BRL,GBP,BRL,7.24091467,7.24823195,7.29535198,7.21624634,awesomeapi,market_api
2026-04-08,GBP-BRL,GBP,BRL,7.27400173,7.28004928,7.30022693,7.25939984,awesomeapi,market_api
2026-04-09,GBP-BRL,GBP,BRL,7.22550459,7.23425216,7.24220757,7.19527656,awesomeapi,market_api
2026-04-10,GBP-BRL,GBP,BRL,7.25282669,7.26727581,7.3206201,7.22584178,awesomeapi,market_api
2026-04-11,GBP-BRL,GBP,BRL,7.18890632,7.19584365,7.22995237,7.12596523,awesomeapi,market_api
2026-04-12,GBP-BRL,GBP,BRL,7.18149805,7.1937351,7.20311387,7.15998522,awesomeapi,market_api
2026-04-13,GBP-BRL,GBP,BRL,7.19099457,7.19908514,7.25543136,7.12586803,awesomeapi,market_api
2026-04-14,GBP-BRL,GBP,BRL,7.32646194,7.33130509,7.37477541,7.30268463,awesomeapi,market_api
2026-04-15,GBP-BRL,GBP,BRL,7.2544438,7.26553725,7.32213839,7.21354212,awesomeapi,market_api
2026-04-16,GBP-BRL,GBP,BRL,7.33816087,7.34274446,7.38684247,7.29950246,awesomeapi,market_api
2026-04-17,GBP-BRL,GBP,BRL,7.35007671,7.362692,7.38478932,7.28393206,awesomeapi,market_api
2026-04-18,GBP-BRL,GBP,BRL,7.37641783,7.38313444,7.400466,7.34357918,awesomeapi,market_api
2026-04-19,GBP-BRL,GBP,BRL,7.38665342,7.39073361,7.41804646,7.33287163,awesomeapi,market_api
2026-04-20,GBP-BRL,GBP,BRL,7.41498457,7.4202746,7.43642069,7.39230152,awesomeapi,market_api
2026-04-21,GBP-BRL,GBP,BRL,7.41014527,7.41471234,7.47681496,7.33935673,awesomeapi,market_api
2026-04-22,GBP-BRL,GBP,BRL,7.49466076,7.49893153,7.55522192,7.43547382,awesomeapi,market_api
2026-04-23,GBP-BRL,GBP,BRL,7.47274987,7.48766073,7.50849177,7.44073607,awesomeapi,market_api
2026-04-24,GBP-BRL,GBP,BRL,7.53994304,7.54883733,7.60669115,7.48091472,awesomeapi,market_api
2026-04-25,GBP-BRL,GBP,BRL,7.50727432,7.51633887,7.53697688,7.44859652,awesomeapi,market_api
2026-04-26,GBP-BRL,GBP,BRL,7.50763551,7.52101254,7.54667228,7.45246427,awesomeapi,market_api
2026-04-27,GBP-BRL,GBP,BRL,7.45103004,7.45922855,7.49445426,7.404839,awesomeapi,market_api
2026-04-28,GBP-BRL,GBP,BRL,7.48018352,7.49262747,7.55363929,7.43863163,awesomeapi,market_api
2026-04-29,GBP-BRL,GBP,BRL,7.56499717,7.57266409,7.60273689,7.54176421,awesomeapi,market_api
2026-04-30,GBP-BRL,GBP,BRL,7.56439068,7.57154211,7.58475083,7.52336782,awesomeapi,market_api
2026-05-01,GBP-BRL,GBP,BRL,7.55700297,7.56267855,7.59305935,7.49391241,awesomeapi,market_api
2026-05-02,GBP-BRL,GBP,BRL,7.49760774,7.50412235,7.54930492,7.42855889,awesomeapi,market_api
2026-05-03,GBP-BRL,GBP,BRL,7.48846295,7.49857532,7.51504954,7.45283187,awesomeapi,market_api
2026-05-04,GBP-BRL,GBP,BRL,7.40275032,7.41300723,7.44755835,7.37914326,awesomeapi,market_api
2025-11-06,BTC-BRL,BTC,BRL,300000.0,300351.05835511,301903.36006778,298758.4014853,awesomeapi,market_api
2025-11-07,BTC-BRL,BTC,BRL,291014.78113945,291427.63457643,291760.1517097,289649.09059955,awesomeapi,market_api
2025-11-08,BTC-BRL,BTC,BRL,293906.74390682,294408.27085645,295104.20180727,291896.00595923,awesomeapi,market_api
2025-11-09,BTC-BRL,BTC,BRL,308062.89798877,308406.40185057,309458.94081331,305188.96273106,awesomeapi,market_api
2025-11-10,BTC-BRL,BTC,BRL,338968.50114877,339312.51776446,340288.24355574,335824.76811403,awesomeapi,market_api
2025-11-11,BTC-BRL,BTC,BRL,332687.25280317,333225.84569735,335167.23589847,331890.04114721,awesomeapi,market_api
2025-11-12,BTC-BRL,BTC,BRL,350065.33962096,350309.26775447,352553.15587,348778.68752534,awesomeapi,market_api
2025-11-13,BTC-BRL,BTC,BRL,353751.99561943,354048.6014488,356664.47404801,352235.31945821,awesomeapi,market_api
2025-11-14,BTC-BRL,BTC,BRL,352586.85412025,352801.0086598,353394.79123402,350631.6105533,awesomeapi,market_api
2025-11-15,BTC-BRL,BTC,BRL,358630.47691803,359141.77383069,361840.60767697,357595.31329991,awesomeapi,market_api
2025-11-16,BTC-BRL,BTC,BRL,360124.91770436,360411.22034128,362371.52275099,358355.67191705,awesomeapi,market_api
2025-11-17,BTC-BRL,BTC,BRL,362236.6363458,362679.94377885,365639.12405379,359933.12531416,awesomeapi,market_api
2025-11-18,BTC-BRL,BTC,BRL,357784.14651912,358185.82395243,361331.76211256,356881.91316372,awesomeapi,market_api
2025-11-19,BTC-BRL,BTC,BRL,340991.96331416,341639.224088,343042.44849235,338935.76448635,awesomeapi,market_api
2025-11-20,BTC-BRL,BTC,BRL,323251.21464577,323859.87938943,325209.66181604,321470.98722029,awesomeapi,market_api
2025-11-21,BTC-BRL,BTC,BRL,331288.39414442,331589.44680365,333697.03772242,329116.08289675,awesomeapi,market_api
2025-11-22,BTC-BRL,BTC,BRL,328742.60743506,329012.67545553,331265.8066615,326391.21187703,awesomeapi,market_api
2025-11-23,BTC-BRL,BTC,BRL,322541.49898017,322895.00472957,323197.93781771,320744.08835346,awesomeapi,market_api
2025-11-24,BTC-BRL,BTC,BRL,323282.60159389,323447.18062049,324123.13245097,321522.36687433,awesomeapi,market_api
2025-11-25,BTC-BRL,BTC,BRL,332923.73863555,333131.11011603,334323.79064745,330512.06206177,awesomeapi,market_api
2025-11-26,BTC-BRL,BTC,BRL,335691.24645078,336014.49127756,339041.84414432,332559.10738275,awesomeapi,market_api
2025-11-27,BTC-BRL,BTC,BRL,328654.51246394,329107.38683217,331854.15381228,325714.98103331,awesomeapi,market_api
2025-11-28,BTC-BRL,BTC,BRL,343417.75646055,343753.7384596,346163.98926185,342354.99723343,awesomeapi,market_api
2025-11-29,BTC-BRL,BTC,BRL,363085.80395989,363640.17321828,365238.41428607,362310.75827452,awesomeapi,market_api
2025-11-30,BTC-BRL,BTC,BRL,370096.80309586,370434.08886828,373665.66793722,368421.50370609,awesomeapi,market_api
2025-12-01,BTC-BRL,BTC,BRL,383449.23805144,383745.33052941,384791.40684993,381212.30788581,awesomeapi,market_api
2025-12-02,BTC-BRL,BTC,BRL,400884.13803394,401591.28717473,404116.87338396,398681.35343396,awesomeapi,market_api
2025-12-03,BTC-BRL,BTC,BRL,417542.26747225,417881.76705027,418531.22434991,415161.84123652,awesomeapi,market_api
2025-12-04,BTC-BRL,BTC,BRL,427351.78470745,428087.75414879,430701.13549471,425100.15099981,awesomeapi,market_api
2025-12-05,BTC-BRL,BTC,BRL,437156.15202233,437764.69699582,439556.12712981,434256.87608217,awesomeapi,market_api
2025-12-06,BTC-BRL,BTC,BRL,445981.51290744,446550.70032164,449303.06404976,443278.11981638,awesomeapi,market_api
2025-12-07,BTC-BRL,BTC,BRL,429744.74486399,430565.95118655,432075.77724722,428830.53579355,awesomeapi,market_api
2025-12-08,BTC-BRL,BTC,BRL,441143.85765298,441520.8416817,443792.86249271,438353.81032103,awesomeapi,market_api
2025-12-09,BTC-BRL,BTC,BRL,421092.3301764,421651.78383862,424341.6541015,419324.92770522,awesomeapi,market_api
2025-12-10,BTC-BRL,BTC,BRL,410223.52407271,410837.77453032,413354.45592198,408053.34070678,awesomeapi,market_api
2025-12-11,BTC-BRL,BTC,BRL,429760.32807996,430234.46272999,431235.0069328,427477.48461867,awesomeapi,market_api
2025-12-12,BTC-BRL,BTC,BRL,443258.11398338,444002.88709864,447367.90749216,440266.60684646,awesomeapi,market_api
2025-12-13,BTC-BRL,BTC,BRL,467220.17783333,467663.59571984,470704.85437849,463519.24753167,awesomeapi,market_api
2025-12-14,BTC-BRL,BTC,BRL,463712.00680393,464174.93938883,467705.6721581,462511.19365261,awesomeapi,market_api
2025-12-15,BTC-BRL,BTC,BRL,445938.52402913,446168.68653658,447269.10031596,444490.08592214,awesomeapi,market_api
2025-12-16,BTC-BRL,BTC,BRL,443077.69376977,443883.38339002,445470.24845743,441217.00958205,awesomeapi,market_api
2025-12-17,BTC-BRL,BTC,BRL,445546.12187289,446055.65406471,447844.57274463,443580.50901262,awesomeapi,market_api
2025-12-18,BTC-BRL,BTC,BRL,447668.97318493,447985.40771822,450913.37514217,446284.40681676,awesomeapi,market_api
2025-12-19,BTC-BRL,BTC,BRL,466327.28628587,467102.85230012,468012.36184972,462666.16453792,awesomeapi,market_api
2025-12-20,BTC-BRL,BTC,BRL,461363.48186669,462151.66562363,462748.77558433,460120.5842654,awesomeapi,market_api
2025-12-21,BTC-BRL,BTC,BRL,467970.76356811,468871.30739171,470640.24403703,464675.36775449,awesomeapi,market_api
2025-12-22,BTC-BRL,BTC,BRL,452714.00402507,452956.15651755,454628.84004753,449978.17125045,awesomeapi,market_api
2025-12-23,BTC-BRL,BTC,BRL,460754.70486399,461597.57610257,462676.75018354,456975.8110719,awesomeapi,market_api
2025-12-24,BTC-BRL,BTC,BRL,461726.34404303,462415.84894657,463075.58513267,459719.21898722,awesomeapi,market_api
2025-12-25,BTC-BRL,BTC,BRL,450532.49673209,450918.51119779,453028.54619677,447341.52195639,awesomeapi,market_api
2025-12-26,BTC-BRL,BTC,BRL,447714.85402854,448229.78414941,449486.14499513,444326.98223137,awesomeapi,market_api
2025-12-27,BTC-BRL,BTC,BRL,445724.24612526,446337.87765543,448467.46101659,442855.85157614,awesomeapi,market_api
2025-12-28,BTC-BRL,BTC,BRL,442401.18041989,442769.63467188,445694.1708177,440144.93250436,awesomeapi,market_api
2025-12-29,BTC-BRL,BTC,BRL,470713.50375843,471205.4943267,472218.78607639,467524.56160755,awesomeapi,market_api
2025-12-30,BTC-BRL,BTC,BRL,470033.03557224,470692.9603635,472252.72199978,465859.70604217,awesomeapi,market_api
2025-12-31,BTC-BRL,BTC,BRL,466960.7286273,467786.40244622,468302.04271187,463430.36211408,awesomeapi,market_api
2026-01-01,BTC-BRL,BTC,BRL,433614.69712465,434087.663281,437949.85493774,431966.87930615,awesomeapi,market_api
2026-01-02,BTC-BRL,BTC,BRL,420910.97576557,421298.54482899,423241.49685177,419164.31257057,awesomeapi,market_api
2026-01-03,BTC-BRL,BTC,BRL,417877.2305046,418519.92152706,420320.66936597,416303.07415731,awesomeapi,market_api
2026-01-04,BTC-BRL,BTC,BRL,408681.90737568,409196.66721022,412405.12302732,405273.84144613,awesomeapi,market_api
2026-01-05,BTC-BRL,BTC,BRL,429263.03250483,429798.85724629,431112.27224728,427786.75756507,awesomeapi,market_api
2026-01-06,BTC-BRL,BTC,BRL,427643.4994324,428420.77327328,430928.3726362,424830.7570959,awesomeapi,market_api
2026-01-07,BTC-BRL,BTC,BRL,447783.60469734,448598.19112348,449115.09923103,444443.17738672,awesomeapi,market_api
2026-01-08,BTC-BRL,BTC,BRL,449646.23322789,450017.22215696,450979.26323167,447072.06785997,awesomeapi,market_api
2026-01-09,BTC-BRL,BTC,BRL,451131.40316898,451619.11654454,455430.40974332,449059.88158245,awesomeapi,market_api
2026-01-10,BTC-BRL,BTC,BRL,450631.60566347,451407.75253648,454232.42978347,447322.44160394,awesomeapi,market_api
2026-01-11,BTC-BRL,BTC,BRL,451592.74375852,452442.00939281,453969.65554062,449281.77683067,awesomeapi,market_api
2026-01-12,BTC-BRL,BTC,BRL,479662.76654454,480018.39865751,481680.27447795,475327.47294061,awesomeapi,market_api
2026-01-13,BTC-BRL,BTC,BRL,441680.01063013,442215.13829371,443769.52216318,440033.03161058,awesomeapi,market_api
2026-01-14,BTC-BRL,BTC,BRL,411621.87455258,412127.11586079,414805.07944742,409854.56113197,awesomeapi,market_api
2026-01-15,BTC-BRL,BTC,BRL,404619.78345283,405281.97398641,407467.61976398,401261.23673784,awesomeapi,market_api
2026-01-16,BTC-BRL,BTC,BRL,405634.76241526,405990.24629801,408493.76755262,404324.60990187,awesomeapi,market_api
2026-01-17,BTC-BRL,BTC,BRL,416243.59399342,416678.85803543,419488.16317519,413307.68345323,awesomeapi,market_api
2026-01-18,BTC-BRL,BTC,BRL,423968.26422668,424299.71883725,427727.48117752,422939.37471119,awesomeapi,market_api
2026-01-19,BTC-BRL,BTC,BRL,419114.41820993,419698.17063454,423251.31389897,416494.09900181,awesomeapi,market_api
2026-01-20,BTC-BRL,BTC,BRL,434901.00370817,435640.77367724,437841.56413661,431306.67454754,awesomeapi,market_api
2026-01-21,BTC-BRL,BTC,BRL,451451.96123522,452121.64110311,454850.96838517,449726.29098516,awesomeapi,market_api
2026-01-22,BTC-BRL,BTC,BRL,455263.12956948,455997.34670031,457040.14862509,450781.0084252,awesomeapi,market_api
2026-01-23,BTC-BRL,BTC,BRL,471512.84329901,471909.70659978,473348.66536561,467330.81437639,awesomeapi,market_api
2026-01-24,BTC-BRL,BTC,BRL,476955.32000366,477367.63776299,479286.30670255,473274.59794955,awesomeapi,market_api
2026-01-25,BTC-BRL,BTC,BRL,468536.14955862,468881.98680616,470069.46879782,465776.06523596,awesomeapi,market_api
2026-01-26,BTC-BRL,BTC,BRL,480916.55637721,481332.81136117,482785.04398977,479919.17806227,awesomeapi,market_api
2026-01-27,BTC-BRL,BTC,BRL,483740.23835999,484250.91053949,485939.3236299,482652.18732842,awesomeapi,market_api
2026-01-28,BTC-BRL,BTC,BRL,484730.4036593,485424.46477499,488129.93502124,483486.38972189,awesomeapi,market_api
2026-01-29,BTC-BRL,BTC,BRL,510689.35275328,511187.56205549,515276.5913965,507289.52186156,awesomeapi,market_api
2026-01-30,BTC-BRL,BTC,BRL,467903.53092361,468426.62933109,470580.32066199,466188.08430322,awesomeapi,market_api
2026-01-31,BTC-BRL,BTC,BRL,445622.45797213,446387.958146,449772.1110756,441484.71426503,awesomeapi,market_api
2026-02-01,BTC-BRL,BTC,BRL,427999.21944653,428356.98467353,429919.19062189,426593.24962968,awesomeapi,market_api
2026-02-02,BTC-BRL,BTC,BRL,423413.58330889,423820.39979973,425387.72499675,420422.23159232,awesomeapi,market_api
2026-02-03,BTC-BRL,BTC,BRL,420487.250963,420817.11041693,424420.98294709,419299.46035906,awesomeapi,market_api
2026-02-04,BTC-BRL,BTC,BRL,399144.83283709,399348.52323735,402673.09794638,396099.2945132,awesomeapi,market_api
2026-02-05,BTC-BRL,BTC,BRL,386180.3966684,386579.33639027,388792.51996289,384717.40907878,awesomeapi,market_api
2026-02-06,BTC-BRL,BTC,BRL,375317.3511309,375599.8091418,377482.62939626,373506.25626302,awesomeapi,market_api
2026-02-07,BTC-BRL,BTC,BRL,408348.97236267,408929.98968721,409878.3182701,405366.62765575,awesomeapi,market_api
2026-02-08,BTC-BRL,BTC,BRL,434916.55185628,435634.29128445,436366.16749392,433894.12120541,awesomeapi,market_api
2026-02-09,BTC-BRL,BTC,BRL,429518.70266611,430016.67851616,433037.40264142,426423.4883752,awesomeapi,market_api
2026-02-10,BTC-BRL,BTC,BRL,424911.93626071,425571.74911011,427131.1300849,423263.4630558,awesomeapi,market_api
2026-02-11,BTC-BRL,BTC,BRL,408670.8927871,409201.21203547,410156.38105683,405479.24276181,awesomeapi,market_api
2026-02-12,BTC-BRL,BTC,BRL,382195.32698923,382499.34414128,383850.2733189,379882.14395776,awesomeapi,market_api
2026-02-13,BTC-BRL,BTC,BRL,381396.230506,381865.3726226,383992.31646512,379298.7202715,awesomeapi,market_api
2026-02-14,BTC-BRL,BTC,BRL,368838.82849159,369531.95409274,372054.90860708,365507.14143088,awesomeapi,market_api
2026-02-15,BTC-BRL,BTC,BRL,368481.14017424,369013.32822031,371090.00998144,365948.35208935,awesomeapi,market_api
2026-02-16,BTC-BRL,BTC,BRL,348580.50380267,348982.18226104,350175.90378732,346232.45747699,awesomeapi,market_api
2026-02-17,BTC-BRL,BTC,BRL,339981.33439059,340164.34557988,340681.57743941,336985.03312559,awesomeapi,market_api
2026-02-18,BTC-BRL,BTC,BRL,342429.86239594,342624.92279603,344552.36636965,340060.28127081,awesomeapi,market_api
2026-02-19,BTC-BRL,BTC,BRL,347503.76069693,347780.81044862,350688.92689728,346280.28121094,awesomeapi,market_api
2026-02-20,BTC-BRL,BTC,BRL,353276.32586602,353921.68133632,356139.24970992,351889.3829255,awesomeapi,market_api
2026-02-21,BTC-BRL,BTC,BRL,337655.46613432,337900.64325498,339184.99869191,335905.19373043,awesomeapi,market_api
2026-02-22,BTC-BRL,BTC,BRL,348431.40286784,348734.07721873,351912.62714274,347094.3953766,awesomeapi,market_api
2026-02-23,BTC-BRL,BTC,BRL,339369.60473224,339962.12785397,340480.34175719,336029.54367461,awesomeapi,market_api
2026-02-24,BTC-BRL,BTC,BRL,347565.38985332,347856.7487713,349433.03540855,345317.15877262,awesomeapi,market_api
2026-02-25,BTC-BRL,BTC,BRL,348131.10338051,348367.9817303,351102.24935811,346669.82855315,awesomeapi,market_api
2026-02-26,BTC-BRL,BTC,BRL,332056.65013161,332496.26154199,334180.83992769,329791.65014139,awesomeapi,market_api
2026-02-27,BTC-BRL,BTC,BRL,329045.91916218,329237.82827792,330147.87752431,327963.51012598,awesomeapi,market_api
2026-02-28,BTC-BRL,BTC,BRL,333911.76169226,334230.00527534,334966.69354693,330781.21518999,awesomeapi,market_api
2026-03-01,BTC-BRL,BTC,BRL,341743.25746742,342177.07718343,344131.56480037,340082.41756395,awesomeapi,market_api
2026-03-02,BTC-BRL,BTC,BRL,340740.38576559,341051.94828347,342793.48880187,339256.60320218,awesomeapi,market_api
2026-03-03,BTC-BRL,BTC,BRL,359689.72909031,360054.98281974,361711.90726298,357515.09192864,awesomeapi,market_api
2026-03-04,BTC-BRL,BTC,BRL,373092.803218,373830.21033046,374505.54922795,370890.13444948,awesomeapi,market_api
2026-03-05,BTC-BRL,BTC,BRL,370487.53569336,370755.86781509,372265.87359051,367620.52317797,awesomeapi,market_api
2026-03-06,BTC-BRL,BTC,BRL,380955.38812244,381245.55925703,383489.05020271,378923.52134488,awesomeapi,market_api
2026-03-07,BTC-BRL,BTC,BRL,407501.41556813,407736.69438196,411358.25425314,405338.06181577,awesomeapi,market_api
2026-03-08,BTC-BRL,BTC,BRL,436277.92714992,437009.08087958,438603.51009149,432133.77435089,awesomeapi,market_api
2026-03-09,BTC-BRL,BTC,BRL,418399.25951512,418790.75800414,420615.87402279,415022.39510652,awesomeapi,market_api
2026-03-10,BTC-BRL,BTC,BRL,405667.9311673,406079.88734608,407661.73086431,401628.05243588,awesomeapi,market_api
2026-03-11,BTC-BRL,BTC,BRL,427562.70465544,428132.82608179,430775.85703521,424506.6156207,awesomeapi,market_api
2026-03-12,BTC-BRL,BTC,BRL,412580.97727139,413299.64639063,416250.72036005,409896.70519214,awesomeapi,market_api
2026-03-13,BTC-BRL,BTC,BRL,394308.203262,394679.57617865,395168.74226577,391581.47291943,awesomeapi,market_api
2026-03-14,BTC-BRL,BTC,BRL,388386.95797459,389062.05344716,390563.60216661,387098.42632372,awesomeapi,market_api
2026-03-15,BTC-BRL,BTC,BRL,394876.10195788,395244.17509786,397276.91368601,391443.26640731,awesomeapi,market_api
2026-03-16,BTC-BRL,BTC,BRL,394250.6637292,394549.35974881,396969.88901506,391086.03379308,awesomeapi,market_api
2026-03-17,BTC-BRL,BTC,BRL,386062.18518665,386797.27510595,387194.74861485,382428.90258728,awesomeapi,market_api
2026-03-18,BTC-BRL,BTC,BRL,377724.23178815,378253.87719805,380796.49439672,376806.28723769,awesomeapi,market_api
2026-03-19,BTC-BRL,BTC,BRL,369062.3362867,369527.06778608,371638.77425653,367418.28510376,awesomeapi,market_api
2026-03-20,BTC-BRL,BTC,BRL,358439.67521739,358850.97589559,360746.01411649,356138.35503436,awesomeapi,market_api
2026-03-21,BTC-BRL,BTC,BRL,387780.52573019,387998.76561955,389919.46654559,386341.64854692,awesomeapi,market_api
2026-03-22,BTC-BRL,BTC,BRL,392594.00176747,393330.13225201,396446.38534195,390867.69717068,awesomeapi,market_api
2026-03-23,BTC-BRL,BTC,BRL,405563.95977303,405873.31507802,407087.27147374,403202.75908172,awesomeapi,market_api
2026-03-24,BTC-BRL,BTC,BRL,399432.76088137,400156.4365406,401829.47317011,398456.89212647,awesomeapi,market_api
2026-03-25,BTC-BRL,BTC,BRL,397631.92478908,397854.53043494,399150.53183376,394155.75881732,awesomeapi,market_api
2026-03-26,BTC-BRL,BTC,BRL,388496.5741318,389052.9870201,391023.22486067,386728.23223177,awesomeapi,market_api
2026-03-27,BTC-BRL,BTC,BRL,353217.28115011,353886.32346259,354859.53874651,350151.51222502,awesomeapi,market_api
2026-03-28,BTC-BRL,BTC,BRL,336887.93155654,337509.10414688,338864.34528246,333803.95359576,awesomeapi,market_api
2026-03-29,BTC-BRL,BTC,BRL,316212.56205188,316501.96134795,318510.62654106,315357.61498947,awesomeapi,market_api
2026-03-30,BTC-BRL,BTC,BRL,291945.64093888,292299.15830119,293037.12479898,291215.16193378,awesomeapi,market_api
2026-03-31,BTC-BRL,BTC,BRL,280315.23775413,280456.96184803,281604.13196349,278432.57200846,awesomeapi,market_api
2026-04-01,BTC-BRL,BTC,BRL,293875.05254943,294222.66133921,295172.26240221,290956.99075528,awesomeapi,market_api
2026-04-02,BTC-BRL,BTC,BRL,294005.74881535,294567.09033412,294889.30266953,292441.38555919,awesomeapi,market_api
2026-04-03,BTC-BRL,BTC,BRL,307873.92109971,308327.50263491,310296.25044532,306355.80180221,awesomeapi,market_api
2026-04-04,BTC-BRL,BTC,BRL,312918.24755281,313424.99447212,313854.8744837,311461.76925601,awesomeapi,market_api
2026-04-05,BTC-BRL,BTC,BRL,322114.77682016,322621.99477734,324371.33975256,319313.12501442,awesomeapi,market_api
2026-04-06,BTC-BRL,BTC,BRL,312602.27816348,312780.55072061,313663.60470608,311855.79747198,awesomeapi,market_api
2026-04-07,BTC-BRL,BTC,BRL,318960.07188724,319211.46707335,319608.92039571,317035.5681109,awesomeapi,market_api
2026-04-08,BTC-BRL,BTC,BRL,327733.06808801,328156.65376871,330113.4373601,326068.4136537,awesomeapi,market_api
2026-04-09,BTC-BRL,BTC,BRL,321774.01070409,321936.44593669,324152.28400175,320990.70699428,awesomeapi,market_api
2026-04-10,BTC-BRL,BTC,BRL,328719.15294764,329310.6027396,329436.16565074,326666.69597633,awesomeapi,market_api
2026-04-11,BTC-BRL,BTC,BRL,335890.67786782,336509.51506797,338100.81051702,333584.0044047,awesomeapi,market_api
2026-04-12,BTC-BRL,BTC,BRL,330101.82313831,330604.37552544,331085.28585502,327659.26216033,awesomeapi,market_api
2026-04-13,BTC-BRL,BTC,BRL,317790.05005867,318368.59711674,320902.41165667,316028.08982211,awesomeapi,market_api
2026-04-14,BTC-BRL,BTC,BRL,305254.98309334,305565.3533189,307705.10517131,303318.75247408,awesomeapi,market_api
2026-04-15,BTC-BRL,BTC,BRL,306789.71173031,307061.51421733,307825.82129699,305758.33306808,awesomeapi,market_api
2026-04-16,BTC-BRL,BTC,BRL,310914.60537203,311284.20994542,311959.58788227,310243.72889972,awesomeapi,market_api
2026-04-17,BTC-BRL,BTC,BRL,302912.15962894,303087.28319373,305771.37063151,302129.52829032,awesomeapi,market_api
2026-04-18,BTC-BRL,BTC,BRL,303799.83975864,303985.08810163,305504.00725779,302596.54866714,awesomeapi,market_api
2026-04-19,BTC-BRL,BTC,BRL,310473.95654359,311077.5305757,313357.60348023,308847.71072811,awesomeapi,market_api
2026-04-20,BTC-BRL,BTC,BRL,317812.5285545,318185.35356702,319401.88016025,317080.62888718,awesomeapi,market_api
2026-04-21,BTC-BRL,BTC,BRL,335710.39668625,336025.71947745,336711.27955279,334764.04162009,awesomeapi,market_api
2026-04-22,BTC-BRL,BTC,BRL,351386.16844045,351857.48002338,352366.57761676,350394.04695572,awesomeapi,market_api
2026-04-23,BTC-BRL,BTC,BRL,339774.54217563,340189.32893791,341656.30156496,338720.87472243,awesomeapi,market_api
2026-04-24,BTC-BRL,BTC,BRL,360475.48193454,360658.12532206,361752.93333759,359074.26397859,awesomeapi,market_api
2026-04-25,BTC-BRL,BTC,BRL,354497.29250027,355100.0700064,357802.45041897,352637.04839674,awesomeapi,market_api
2026-04-26,BTC-BRL,BTC,BRL,368170.44749105,368578.2110215,371005.30481059,365587.59332355,awesomeapi,market_api
2026-04-27,BTC-BRL,BTC,BRL,369782.86171481,370069.89097346,370841.00017278,367748.7249734,awesomeapi,market_api
2026-04-28,BTC-BRL,BTC,BRL,365188.22525655,365680.22237045,366323.83677448,363601.04859345,awesomeapi,market_api
2026-04-29,BTC-BRL,BTC,BRL,342813.36542625,343142.09413132,344215.60428249,340864.09773256,awesomeapi,market_api
2026-04-30,BTC-BRL,BTC,BRL,341440.48090738,341945.67466427,343514.77248385,340207.3165416,awesomeapi,market_api
2026-05-01,BTC-BRL,BTC,BRL,323488.08220684,323699.77558031,326261.98077018,321600.71122158,awesomeapi,market_api
2026-05-02,BTC-BRL,BTC,BRL,335086.90048655,335285.67697671,336449.01935366,332261.3571921,awesomeapi,market_api
2026-05-03,BTC-BRL,BTC,BRL,353546.08154318,354121.50942873,356730.30601596,351136.06304707,awesomeapi,market_api
2026-05-04,BTC-BRL,BTC,BRL,344392.10719011,344782.77144252,346256.32921096,343168.82630279,awesomeapi,market_api
2025-11-06,KPW-BRL,KPW,BRL,0.0056,0.00560827,0.00563741,0.00558186,manual_or_alternative,low_liquidity_reference
2025-11-07,KPW-BRL,KPW,BRL,0.00560704,0.0056173,0.00563479,0.0055936,manual_or_alternative,low_liquidity_reference
2025-11-08,KPW-BRL,KPW,BRL,0.00559106,0.0055966,0.00564114,0.00553886,manual_or_alternative,low_liquidity_reference
2025-11-09,KPW-BRL,KPW,BRL,0.00557728,0.00558417,0.0056311,0.00552707,manual_or_alternative,low_liquidity_reference
2025-11-10,KPW-BRL,KPW,BRL,0.00559484,0.00560456,0.00564451,0.00556655,manual_or_alternative,low_liquidity_reference
2025-11-11,KPW-BRL,KPW,BRL,0.00559425,0.0056034,0.00563128,0.00555086,manual_or_alternative,low_liquidity_reference
2025-11-12,KPW-BRL,KPW,BRL,0.00563346,0.00563778,0.00567769,0.00557904,manual_or_alternative,low_liquidity_reference
2025-11-13,KPW-BRL,KPW,BRL,0.00562288,0.00562824,0.00567848,0.00559461,manual_or_alternative,low_liquidity_reference
2025-11-14,KPW-BRL,KPW,BRL,0.00564563,0.00565015,0.005662,0.00559889,manual_or_alternative,low_liquidity_reference
2025-11-15,KPW-BRL,KPW,BRL,0.00564812,0.00565564,0.00567329,0.00560933,manual_or_alternative,low_liquidity_reference
2025-11-16,KPW-BRL,KPW,BRL,0.00566638,0.00567203,0.00569803,0.00561594,manual_or_alternative,low_liquidity_reference
2025-11-17,KPW-BRL,KPW,BRL,0.00565653,0.00566502,0.00570234,0.00561881,manual_or_alternative,low_liquidity_reference
2025-11-18,KPW-BRL,KPW,BRL,0.00565569,0.00566693,0.00567792,0.00563251,manual_or_alternative,low_liquidity_reference
2025-11-19,KPW-BRL,KPW,BRL,0.00565336,0.00565697,0.00568972,0.00561431,manual_or_alternative,low_liquidity_reference
2025-11-20,KPW-BRL,KPW,BRL,0.00563473,0.00564369,0.00566112,0.00562291,manual_or_alternative,low_liquidity_reference
2025-11-21,KPW-BRL,KPW,BRL,0.00564994,0.00565812,0.00570638,0.00562532,manual_or_alternative,low_liquidity_reference
2025-11-22,KPW-BRL,KPW,BRL,0.00566492,0.00566931,0.00568902,0.00563431,manual_or_alternative,low_liquidity_reference
2025-11-23,KPW-BRL,KPW,BRL,0.00567865,0.00568363,0.00570577,0.0056383,manual_or_alternative,low_liquidity_reference
2025-11-24,KPW-BRL,KPW,BRL,0.00571384,0.00571966,0.00574338,0.00570059,manual_or_alternative,low_liquidity_reference
2025-11-25,KPW-BRL,KPW,BRL,0.00574726,0.00575804,0.00577746,0.00572067,manual_or_alternative,low_liquidity_reference
2025-11-26,KPW-BRL,KPW,BRL,0.00573892,0.00574254,0.00577952,0.00568779,manual_or_alternative,low_liquidity_reference
2025-11-27,KPW-BRL,KPW,BRL,0.00574777,0.005751,0.00576595,0.00572955,manual_or_alternative,low_liquidity_reference
2025-11-28,KPW-BRL,KPW,BRL,0.00573372,0.00574177,0.00578745,0.00570218,manual_or_alternative,low_liquidity_reference
2025-11-29,KPW-BRL,KPW,BRL,0.00573455,0.00574037,0.00578115,0.00568901,manual_or_alternative,low_liquidity_reference
2025-11-30,KPW-BRL,KPW,BRL,0.00572108,0.00572605,0.00573988,0.00569326,manual_or_alternative,low_liquidity_reference
2025-12-01,KPW-BRL,KPW,BRL,0.00575844,0.00576801,0.00580197,0.00571625,manual_or_alternative,low_liquidity_reference
2025-12-02,KPW-BRL,KPW,BRL,0.0057671,0.00577716,0.00579142,0.0057399,manual_or_alternative,low_liquidity_reference
2025-12-03,KPW-BRL,KPW,BRL,0.00576236,0.00576561,0.00581393,0.00572399,manual_or_alternative,low_liquidity_reference
2025-12-04,KPW-BRL,KPW,BRL,0.00579016,0.00579564,0.00580496,0.00574507,manual_or_alternative,low_liquidity_reference
2025-12-05,KPW-BRL,KPW,BRL,0.00574018,0.00574949,0.00578225,0.00571934,manual_or_alternative,low_liquidity_reference
2025-12-06,KPW-BRL,KPW,BRL,0.00569422,0.00570487,0.00573992,0.00565287,manual_or_alternative,low_liquidity_reference
2025-12-07,KPW-BRL,KPW,BRL,0.00571263,0.00572106,0.00576539,0.00565878,manual_or_alternative,low_liquidity_reference
2025-12-08,KPW-BRL,KPW,BRL,0.0057143,0.00572226,0.00574477,0.00568624,manual_or_alternative,low_liquidity_reference
2025-12-09,KPW-BRL,KPW,BRL,0.00572031,0.0057302,0.00576125,0.00570533,manual_or_alternative,low_liquidity_reference
2025-12-10,KPW-BRL,KPW,BRL,0.00569024,0.0056943,0.0057426,0.0056386,manual_or_alternative,low_liquidity_reference
2025-12-11,KPW-BRL,KPW,BRL,0.00569,0.00570097,0.00572086,0.00564293,manual_or_alternative,low_liquidity_reference
2025-12-12,KPW-BRL,KPW,BRL,0.00573588,0.00574588,0.00576184,0.00571774,manual_or_alternative,low_liquidity_reference
2025-12-13,KPW-BRL,KPW,BRL,0.00575508,0.00576657,0.00576798,0.00571607,manual_or_alternative,low_liquidity_reference
2025-12-14,KPW-BRL,KPW,BRL,0.00575928,0.00576777,0.00580221,0.00573598,manual_or_alternative,low_liquidity_reference
2025-12-15,KPW-BRL,KPW,BRL,0.00574945,0.00575855,0.0057709,0.00569982,manual_or_alternative,low_liquidity_reference
2025-12-16,KPW-BRL,KPW,BRL,0.00574066,0.00574542,0.00578414,0.0056932,manual_or_alternative,low_liquidity_reference
2025-12-17,KPW-BRL,KPW,BRL,0.00569206,0.00569652,0.00571428,0.0056452,manual_or_alternative,low_liquidity_reference
2025-12-18,KPW-BRL,KPW,BRL,0.00569821,0.00570179,0.0057183,0.00566605,manual_or_alternative,low_liquidity_reference
2025-12-19,KPW-BRL,KPW,BRL,0.00571776,0.0057286,0.0057549,0.0056886,manual_or_alternative,low_liquidity_reference
2025-12-20,KPW-BRL,KPW,BRL,0.00568201,0.00569319,0.00571446,0.00565093,manual_or_alternative,low_liquidity_reference
2025-12-21,KPW-BRL,KPW,BRL,0.00566727,0.0056736,0.00569275,0.00564116,manual_or_alternative,low_liquidity_reference
2025-12-22,KPW-BRL,KPW,BRL,0.00564131,0.00564995,0.00565444,0.00559926,manual_or_alternative,low_liquidity_reference
2025-12-23,KPW-BRL,KPW,BRL,0.00561981,0.00562431,0.00564832,0.00560198,manual_or_alternative,low_liquidity_reference
2025-12-24,KPW-BRL,KPW,BRL,0.00562129,0.00562876,0.00566533,0.0055941,manual_or_alternative,low_liquidity_reference
2025-12-25,KPW-BRL,KPW,BRL,0.0055747,0.00557886,0.00559596,0.00552707,manual_or_alternative,low_liquidity_reference
2025-12-26,KPW-BRL,KPW,BRL,0.00558868,0.00559372,0.00563449,0.0055627,manual_or_alternative,low_liquidity_reference
2025-12-27,KPW-BRL,KPW,BRL,0.00560581,0.0056102,0.00564964,0.00557359,manual_or_alternative,low_liquidity_reference
2025-12-28,KPW-BRL,KPW,BRL,0.00560046,0.00560353,0.00565467,0.00558264,manual_or_alternative,low_liquidity_reference
2025-12-29,KPW-BRL,KPW,BRL,0.00554517,0.00555088,0.00557333,0.00551237,manual_or_alternative,low_liquidity_reference
2025-12-30,KPW-BRL,KPW,BRL,0.00552335,0.00553261,0.00553466,0.0054711,manual_or_alternative,low_liquidity_reference
2025-12-31,KPW-BRL,KPW,BRL,0.00555086,0.00555902,0.00560418,0.00550346,manual_or_alternative,low_liquidity_reference
2026-01-01,KPW-BRL,KPW,BRL,0.00548946,0.00549984,0.00552683,0.00546279,manual_or_alternative,low_liquidity_reference
2026-01-02,KPW-BRL,KPW,BRL,0.0054821,0.00548848,0.00552192,0.00545241,manual_or_alternative,low_liquidity_reference
2026-01-03,KPW-BRL,KPW,BRL,0.0054565,0.00546522,0.00547142,0.00540936,manual_or_alternative,low_liquidity_reference
2026-01-04,KPW-BRL,KPW,BRL,0.00547433,0.00547875,0.00552662,0.00545657,manual_or_alternative,low_liquidity_reference
2026-01-05,KPW-BRL,KPW,BRL,0.00545982,0.00546361,0.0055062,0.00541314,manual_or_alternative,low_liquidity_reference
2026-01-06,KPW-BRL,KPW,BRL,0.00546892,0.00547771,0.00552188,0.00544614,manual_or_alternative,low_liquidity_reference
2026-01-07,KPW-BRL,KPW,BRL,0.00548156,0.0054911,0.00550796,0.00544703,manual_or_alternative,low_liquidity_reference
2026-01-08,KPW-BRL,KPW,BRL,0.0055221,0.00552855,0.0055334,0.00548568,manual_or_alternative,low_liquidity_reference
2026-01-09,KPW-BRL,KPW,BRL,0.00551789,0.00552684,0.00553663,0.00546573,manual_or_alternative,low_liquidity_reference
2026-01-10,KPW-BRL,KPW,BRL,0.00552647,0.00553363,0.0055454,0.00548686,manual_or_alternative,low_liquidity_reference
2026-01-11,KPW-BRL,KPW,BRL,0.00549391,0.00549824,0.00550769,0.00545281,manual_or_alternative,low_liquidity_reference
2026-01-12,KPW-BRL,KPW,BRL,0.00552035,0.00552403,0.00553608,0.00547663,manual_or_alternative,low_liquidity_reference
2026-01-13,KPW-BRL,KPW,BRL,0.00550383,0.00550704,0.00555049,0.00545777,manual_or_alternative,low_liquidity_reference
2026-01-14,KPW-BRL,KPW,BRL,0.00549176,0.00549567,0.00552552,0.00547653,manual_or_alternative,low_liquidity_reference
2026-01-15,KPW-BRL,KPW,BRL,0.00549155,0.0054995,0.0055053,0.00543907,manual_or_alternative,low_liquidity_reference
2026-01-16,KPW-BRL,KPW,BRL,0.00545749,0.00546192,0.00549822,0.00544098,manual_or_alternative,low_liquidity_reference
2026-01-17,KPW-BRL,KPW,BRL,0.00546276,0.00546721,0.00549339,0.00542679,manual_or_alternative,low_liquidity_reference
2026-01-18,KPW-BRL,KPW,BRL,0.00548417,0.00549513,0.00549628,0.00547319,manual_or_alternative,low_liquidity_reference
2026-01-19,KPW-BRL,KPW,BRL,0.00549087,0.0054965,0.00551794,0.00544107,manual_or_alternative,low_liquidity_reference
2026-01-20,KPW-BRL,KPW,BRL,0.00545625,0.00546645,0.0055056,0.00543909,manual_or_alternative,low_liquidity_reference
2026-01-21,KPW-BRL,KPW,BRL,0.00545382,0.00545992,0.00549727,0.00542927,manual_or_alternative,low_liquidity_reference
2026-01-22,KPW-BRL,KPW,BRL,0.00547028,0.00547846,0.0054916,0.00544519,manual_or_alternative,low_liquidity_reference
2026-01-23,KPW-BRL,KPW,BRL,0.00542946,0.00543918,0.0054512,0.00537672,manual_or_alternative,low_liquidity_reference
2026-01-24,KPW-BRL,KPW,BRL,0.00540639,0.00541158,0.00541822,0.00538455,manual_or_alternative,low_liquidity_reference
2026-01-25,KPW-BRL,KPW,BRL,0.00542562,0.00542972,0.00545847,0.00540987,manual_or_alternative,low_liquidity_reference
2026-01-26,KPW-BRL,KPW,BRL,0.00543175,0.00543957,0.00548063,0.00540513,manual_or_alternative,low_liquidity_reference
2026-01-27,KPW-BRL,KPW,BRL,0.00544097,0.00544507,0.00546927,0.00539588,manual_or_alternative,low_liquidity_reference
2026-01-28,KPW-BRL,KPW,BRL,0.00548171,0.00548932,0.00549711,0.00544719,manual_or_alternative,low_liquidity_reference
2026-01-29,KPW-BRL,KPW,BRL,0.00549226,0.00549887,0.00551762,0.00547644,manual_or_alternative,low_liquidity_reference
2026-01-30,KPW-BRL,KPW,BRL,0.00550699,0.00551785,0.00552576,0.00548749,manual_or_alternative,low_liquidity_reference
2026-01-31,KPW-BRL,KPW,BRL,0.00556698,0.00557098,0.00560351,0.00553608,manual_or_alternative,low_liquidity_reference
2026-02-01,KPW-BRL,KPW,BRL,0.0055625,0.00556736,0.00559273,0.0055214,manual_or_alternative,low_liquidity_reference
2026-02-02,KPW-BRL,KPW,BRL,0.00554502,0.00555014,0.00559671,0.00552034,manual_or_alternative,low_liquidity_reference
2026-02-03,KPW-BRL,KPW,BRL,0.00555479,0.00555922,0.00560832,0.00550766,manual_or_alternative,low_liquidity_reference
2026-02-04,KPW-BRL,KPW,BRL,0.00556482,0.00557046,0.00561341,0.00553059,manual_or_alternative,low_liquidity_reference
2026-02-05,KPW-BRL,KPW,BRL,0.00555337,0.00555904,0.00560178,0.00550885,manual_or_alternative,low_liquidity_reference
2026-02-06,KPW-BRL,KPW,BRL,0.00553072,0.00553595,0.00556862,0.00550331,manual_or_alternative,low_liquidity_reference
2026-02-07,KPW-BRL,KPW,BRL,0.00558209,0.00558489,0.00563621,0.00554638,manual_or_alternative,low_liquidity_reference
2026-02-08,KPW-BRL,KPW,BRL,0.00558967,0.00559748,0.00562768,0.00555387,manual_or_alternative,low_liquidity_reference
2026-02-09,KPW-BRL,KPW,BRL,0.00557358,0.00557879,0.00562805,0.00553471,manual_or_alternative,low_liquidity_reference
2026-02-10,KPW-BRL,KPW,BRL,0.00559428,0.0056027,0.00562582,0.0055702,manual_or_alternative,low_liquidity_reference
2026-02-11,KPW-BRL,KPW,BRL,0.00559211,0.00559545,0.00561897,0.00557305,manual_or_alternative,low_liquidity_reference
2026-02-12,KPW-BRL,KPW,BRL,0.00558674,0.00559508,0.0056372,0.00556203,manual_or_alternative,low_liquidity_reference
2026-02-13,KPW-BRL,KPW,BRL,0.00559958,0.00560518,0.00564081,0.00558169,manual_or_alternative,low_liquidity_reference
2026-02-14,KPW-BRL,KPW,BRL,0.00557092,0.00558148,0.00559828,0.00555527,manual_or_alternative,low_liquidity_reference
2026-02-15,KPW-BRL,KPW,BRL,0.00557906,0.00558331,0.00563185,0.00555687,manual_or_alternative,low_liquidity_reference
2026-02-16,KPW-BRL,KPW,BRL,0.00562203,0.00563043,0.0056403,0.00560206,manual_or_alternative,low_liquidity_reference
2026-02-17,KPW-BRL,KPW,BRL,0.00563279,0.00564304,0.00565073,0.00562068,manual_or_alternative,low_liquidity_reference
2026-02-18,KPW-BRL,KPW,BRL,0.0056246,0.00563164,0.00567467,0.00559868,manual_or_alternative,low_liquidity_reference
2026-02-19,KPW-BRL,KPW,BRL,0.00561347,0.00561736,0.00566881,0.00557185,manual_or_alternative,low_liquidity_reference
2026-02-20,KPW-BRL,KPW,BRL,0.00560454,0.00561449,0.00564947,0.00556202,manual_or_alternative,low_liquidity_reference
2026-02-21,KPW-BRL,KPW,BRL,0.00559913,0.00560516,0.00562485,0.00555581,manual_or_alternative,low_liquidity_reference
2026-02-22,KPW-BRL,KPW,BRL,0.00559094,0.00559975,0.00564464,0.00555433,manual_or_alternative,low_liquidity_reference
2026-02-23,KPW-BRL,KPW,BRL,0.00561172,0.005617,0.00564492,0.00557294,manual_or_alternative,low_liquidity_reference
2026-02-24,KPW-BRL,KPW,BRL,0.00557309,0.00557945,0.00561951,0.00553588,manual_or_alternative,low_liquidity_reference
2026-02-25,KPW-BRL,KPW,BRL,0.00559259,0.00559546,0.00562927,0.00555305,manual_or_alternative,low_liquidity_reference
2026-02-26,KPW-BRL,KPW,BRL,0.00558437,0.00559483,0.00561402,0.00554754,manual_or_alternative,low_liquidity_reference
2026-02-27,KPW-BRL,KPW,BRL,0.00559307,0.00559985,0.00562805,0.00557887,manual_or_alternative,low_liquidity_reference
2026-02-28,KPW-BRL,KPW,BRL,0.00556814,0.00557842,0.00561983,0.00553259,manual_or_alternative,low_liquidity_reference
2026-03-01,KPW-BRL,KPW,BRL,0.00559801,0.00560548,0.00561178,0.00556003,manual_or_alternative,low_liquidity_reference
2026-03-02,KPW-BRL,KPW,BRL,0.00562618,0.00563261,0.00566935,0.00561281,manual_or_alternative,low_liquidity_reference
2026-03-03,KPW-BRL,KPW,BRL,0.00564806,0.0056569,0.00567232,0.00560731,manual_or_alternative,low_liquidity_reference
2026-03-04,KPW-BRL,KPW,BRL,0.00561412,0.00562221,0.00563553,0.00558311,manual_or_alternative,low_liquidity_reference
2026-03-05,KPW-BRL,KPW,BRL,0.00563302,0.00564289,0.00567157,0.00561865,manual_or_alternative,low_liquidity_reference
2026-03-06,KPW-BRL,KPW,BRL,0.00564242,0.00564899,0.00566778,0.00560217,manual_or_alternative,low_liquidity_reference
2026-03-07,KPW-BRL,KPW,BRL,0.00560647,0.00561444,0.00561815,0.005568,manual_or_alternative,low_liquidity_reference
2026-03-08,KPW-BRL,KPW,BRL,0.00560621,0.00561519,0.0056519,0.00559235,manual_or_alternative,low_liquidity_reference
2026-03-09,KPW-BRL,KPW,BRL,0.00561466,0.00562003,0.00564481,0.00559536,manual_or_alternative,low_liquidity_reference
2026-03-10,KPW-BRL,KPW,BRL,0.00562743,0.0056338,0.00564189,0.00561108,manual_or_alternative,low_liquidity_reference
2026-03-11,KPW-BRL,KPW,BRL,0.0056317,0.00564017,0.0056548,0.00558839,manual_or_alternative,low_liquidity_reference
2026-03-12,KPW-BRL,KPW,BRL,0.00563855,0.00564177,0.00567521,0.00560961,manual_or_alternative,low_liquidity_reference
2026-03-13,KPW-BRL,KPW,BRL,0.00567206,0.00568168,0.00571898,0.00564368,manual_or_alternative,low_liquidity_reference
2026-03-14,KPW-BRL,KPW,BRL,0.00570016,0.00570834,0.00572194,0.0056623,manual_or_alternative,low_liquidity_reference
2026-03-15,KPW-BRL,KPW,BRL,0.00563508,0.00563858,0.00566594,0.00561557,manual_or_alternative,low_liquidity_reference
2026-03-16,KPW-BRL,KPW,BRL,0.00562821,0.00563848,0.00565949,0.00559035,manual_or_alternative,low_liquidity_reference
2026-03-17,KPW-BRL,KPW,BRL,0.00562478,0.00563063,0.00564902,0.0056044,manual_or_alternative,low_liquidity_reference
2026-03-18,KPW-BRL,KPW,BRL,0.00558564,0.00559607,0.00563254,0.00556851,manual_or_alternative,low_liquidity_reference
2026-03-19,KPW-BRL,KPW,BRL,0.00558802,0.00559708,0.00561791,0.00557616,manual_or_alternative,low_liquidity_reference
2026-03-20,KPW-BRL,KPW,BRL,0.00561622,0.00562348,0.00563329,0.00559555,manual_or_alternative,low_liquidity_reference
2026-03-21,KPW-BRL,KPW,BRL,0.00559209,0.00560072,0.00561477,0.005541,manual_or_alternative,low_liquidity_reference
2026-03-22,KPW-BRL,KPW,BRL,0.00559989,0.00560821,0.00564838,0.00556113,manual_or_alternative,low_liquidity_reference
2026-03-23,KPW-BRL,KPW,BRL,0.00557966,0.00558972,0.00560696,0.00554399,manual_or_alternative,low_liquidity_reference
2026-03-24,KPW-BRL,KPW,BRL,0.00556494,0.00557203,0.00561631,0.00554647,manual_or_alternative,low_liquidity_reference
2026-03-25,KPW-BRL,KPW,BRL,0.0055981,0.00560576,0.00564309,0.00557034,manual_or_alternative,low_liquidity_reference
2026-03-26,KPW-BRL,KPW,BRL,0.00558624,0.0055963,0.00561408,0.00556732,manual_or_alternative,low_liquidity_reference
2026-03-27,KPW-BRL,KPW,BRL,0.00559684,0.00560454,0.00562687,0.00558497,manual_or_alternative,low_liquidity_reference
2026-03-28,KPW-BRL,KPW,BRL,0.00555523,0.00555859,0.00557502,0.00550993,manual_or_alternative,low_liquidity_reference
2026-03-29,KPW-BRL,KPW,BRL,0.00559689,0.00560718,0.00563252,0.00558097,manual_or_alternative,low_liquidity_reference
2026-03-30,KPW-BRL,KPW,BRL,0.00561066,0.00561797,0.00566029,0.0055658,manual_or_alternative,low_liquidity_reference
2026-03-31,KPW-BRL,KPW,BRL,0.00560685,0.0056121,0.00562362,0.00555523,manual_or_alternative,low_liquidity_reference
2026-04-01,KPW-BRL,KPW,BRL,0.00562004,0.00563005,0.00563369,0.00557176,manual_or_alternative,low_liquidity_reference
2026-04-02,KPW-BRL,KPW,BRL,0.00558862,0.00559223,0.00560263,0.00554353,manual_or_alternative,low_liquidity_reference
2026-04-03,KPW-BRL,KPW,BRL,0.00561534,0.00562266,0.00564519,0.0055635,manual_or_alternative,low_liquidity_reference
2026-04-04,KPW-BRL,KPW,BRL,0.00560834,0.00561821,0.00562214,0.00556948,manual_or_alternative,low_liquidity_reference
2026-04-05,KPW-BRL,KPW,BRL,0.00560404,0.00561334,0.00563993,0.00554877,manual_or_alternative,low_liquidity_reference
2026-04-06,KPW-BRL,KPW,BRL,0.0055933,0.00560186,0.00560915,0.00557324,manual_or_alternative,low_liquidity_reference
2026-04-07,KPW-BRL,KPW,BRL,0.00558059,0.0055903,0.00563625,0.00556504,manual_or_alternative,low_liquidity_reference
2026-04-08,KPW-BRL,KPW,BRL,0.00559638,0.00560002,0.00564175,0.0055823,manual_or_alternative,low_liquidity_reference
2026-04-09,KPW-BRL,KPW,BRL,0.00560239,0.00560576,0.00565343,0.00555531,manual_or_alternative,low_liquidity_reference
2026-04-10,KPW-BRL,KPW,BRL,0.00561727,0.00562751,0.00565774,0.00559154,manual_or_alternative,low_liquidity_reference
2026-04-11,KPW-BRL,KPW,BRL,0.00561736,0.0056278,0.00564201,0.00559374,manual_or_alternative,low_liquidity_reference
2026-04-12,KPW-BRL,KPW,BRL,0.00562917,0.00563947,0.00567109,0.00557757,manual_or_alternative,low_liquidity_reference
2026-04-13,KPW-BRL,KPW,BRL,0.00562002,0.00562414,0.00567407,0.00558123,manual_or_alternative,low_liquidity_reference
2026-04-14,KPW-BRL,KPW,BRL,0.00567042,0.00567894,0.00572323,0.00564181,manual_or_alternative,low_liquidity_reference
2026-04-15,KPW-BRL,KPW,BRL,0.00563514,0.00564404,0.00567528,0.00558836,manual_or_alternative,low_liquidity_reference
2026-04-16,KPW-BRL,KPW,BRL,0.00566385,0.0056743,0.00570599,0.00564946,manual_or_alternative,low_liquidity_reference
2026-04-17,KPW-BRL,KPW,BRL,0.00569512,0.00569953,0.00574998,0.0056396,manual_or_alternative,low_liquidity_reference
2026-04-18,KPW-BRL,KPW,BRL,0.00567599,0.00568707,0.00568902,0.00564728,manual_or_alternative,low_liquidity_reference
2026-04-19,KPW-BRL,KPW,BRL,0.00572689,0.00573628,0.00577284,0.0057115,manual_or_alternative,low_liquidity_reference
2026-04-20,KPW-BRL,KPW,BRL,0.00574998,0.00575811,0.00576805,0.00571579,manual_or_alternative,low_liquidity_reference
2026-04-21,KPW-BRL,KPW,BRL,0.0057726,0.00577757,0.00578661,0.00575736,manual_or_alternative,low_liquidity_reference
2026-04-22,KPW-BRL,KPW,BRL,0.00577354,0.00578432,0.00581948,0.00571895,manual_or_alternative,low_liquidity_reference
2026-04-23,KPW-BRL,KPW,BRL,0.00576881,0.00577576,0.00579942,0.00574073,manual_or_alternative,low_liquidity_reference
2026-04-24,KPW-BRL,KPW,BRL,0.00576427,0.00577248,0.00579201,0.00571833,manual_or_alternative,low_liquidity_reference
2026-04-25,KPW-BRL,KPW,BRL,0.00577356,0.00578339,0.00582556,0.0057508,manual_or_alternative,low_liquidity_reference
2026-04-26,KPW-BRL,KPW,BRL,0.00580621,0.0058137,0.0058282,0.00579285,manual_or_alternative,low_liquidity_reference
2026-04-27,KPW-BRL,KPW,BRL,0.00581071,0.00581979,0.00584785,0.00576544,manual_or_alternative,low_liquidity_reference
2026-04-28,KPW-BRL,KPW,BRL,0.00578982,0.00579347,0.00584751,0.00573218,manual_or_alternative,low_liquidity_reference
2026-04-29,KPW-BRL,KPW,BRL,0.0058092,0.00581616,0.00586107,0.00578626,manual_or_alternative,low_liquidity_reference
2026-04-30,KPW-BRL,KPW,BRL,0.00583089,0.00584026,0.00588357,0.00578123,manual_or_alternative,low_liquidity_reference
2026-05-01,KPW-BRL,KPW,BRL,0.00584646,0.0058565,0.0058798,0.00579641,manual_or_alternative,low_liquidity_reference
2026-05-02,KPW-BRL,KPW,BRL,0.00586418,0.00587319,0.00588212,0.0058471,manual_or_alternative,low_liquidity_reference
2026-05-03,KPW-BRL,KPW,BRL,0.00585812,0.00586783,0.00589915,0.00582206,manual_or_alternative,low_liquidity_reference
2026-05-04,KPW-BRL,KPW,BRL,0.00583664,0.00584751,0.00587912,0.00580647,manual_or_alternative,low_liquidity_reference
